Time,UnixTime,GSR
0.936655044555664,1631599915.963,0.1536857
1.18665504455566,1631599916.213,0.1062993
2.68665504455566,1631599917.713,0.09093072
3.93665504455566,1631599918.963,0.08452715
4.18665504455566,1631599919.213,0.08196572
5.43665504455566,1631599920.463,0.08580787
5.68665504455566,1631599920.713,0.09861501
5.93665504455566,1631599920.963,0.09093072
6.18665504455566,1631599921.213,0.1011764
6.43665504455566,1631599921.463,0.1088607
6.68665504455566,1631599921.713,0.1101414
6.93665504455566,1631599921.963,0.1114221
7.18665504455566,1631599922.213,0.116545
8.68665504455566,1631599923.713,0.09733429
8.93665504455566,1631599923.963,0.1114221
9.18665504455566,1631599924.213,0.1101414
9.43665504455566,1631599924.463,0.116545
9.68665504455566,1631599924.713,0.1178257
9.93665504455566,1631599924.963,0.116545
10.1866550445557,1631599925.213,0.1127029
10.4366550445557,1631599925.463,0.1050186
10.6866550445557,1631599925.713,0.1024572
10.9366550445557,1631599925.963,0.10758
11.1866550445557,1631599926.213,0.10758
11.4366550445557,1631599926.463,0.1101414
11.6866550445557,1631599926.713,0.1229486
11.9366550445557,1631599926.963,0.1293521
12.1866550445557,1631599927.213,0.1267907
12.4366550445557,1631599927.463,0.1242293
12.6866550445557,1631599927.713,0.1229486
12.9366550445557,1631599927.963,0.1203871
13.1866550445557,1631599928.213,0.1101414
13.4366550445557,1631599928.463,0.1152643
13.6866550445557,1631599928.713,0.1127029
13.9366550445557,1631599928.963,0.1088607
14.1866550445557,1631599929.213,0.1101414
14.4366550445557,1631599929.463,0.1127029
14.6866550445557,1631599929.713,0.1127029
14.9366550445557,1631599929.963,0.10758
15.1866550445557,1631599930.213,0.09861501
15.4366550445557,1631599930.463,0.09349215
15.6866550445557,1631599930.713,0.09477286
15.9366550445557,1631599930.963,0.09477286
16.1866550445557,1631599931.213,0.09093072
16.4366550445557,1631599931.463,0.08196572
16.6866550445557,1631599931.713,0.080685
16.9366550445557,1631599931.963,0.06915858
17.1866550445557,1631599932.213,0.07043929
17.4366550445557,1631599932.463,0.07043929
17.6866550445557,1631599932.713,0.06531644
18.4366550445557,1631599933.463,0.06915858
18.6866550445557,1631599933.713,0.06275501
18.9366550445557,1631599933.963,0.05635144
19.1866550445557,1631599934.213,0.03970215
20.6866550445557,1631599935.713,0.04482501
20.9366550445557,1631599935.963,0.05379001
21.1866550445557,1631599936.213,0.05379001
21.4366550445557,1631599936.463,0.05635144
21.6866550445557,1631599936.713,0.080685
21.9366550445557,1631599936.963,0.1472821
22.1866550445557,1631599937.213,0.2190021
23.4366550445557,1631599938.463,0.2215636
23.6866550445557,1631599938.713,0.134475
23.9366550445557,1631599938.963,0.06531644
24.1866550445557,1631599939.213,0.05379001
24.4366550445557,1631599939.463,0.05891287
24.6866550445557,1631599939.713,0.03329859
24.9366550445557,1631599939.963,0.01921073
25.1866550445557,1631599940.213,0
25.4366550445557,1631599940.463,0.02945644
25.6866550445557,1631599940.713,0.03586001
25.9366550445557,1631599940.963,0.03586001
26.1866550445557,1631599941.213,0.03586001
26.4366550445557,1631599941.463,0.03842144
26.6866550445557,1631599941.713,0.008965016
28.1866550445557,1631599943.213,0.05635144
28.4366550445557,1631599943.463,0.05507072
28.6866550445557,1631599943.713,0.04866716
28.9366550445557,1631599943.963,0.06787787
29.1866550445557,1631599944.213,0
29.4366550445557,1631599944.463,0.03714073
29.6866550445557,1631599944.713,0.03970215
29.9366550445557,1631599944.963,0.0435443
30.1866550445557,1631599945.213,0.04098287
30.4366550445557,1631599945.463,0.05891287
30.6866550445557,1631599945.713,0.1088607
30.9366550445557,1631599945.963,0.06915858
31.1866550445557,1631599946.213,0.07172001
31.4366550445557,1631599946.463,0.0883693
31.6866550445557,1631599946.713,0.07556215
31.9366550445557,1631599946.963,0.07300072
32.1866550445557,1631599947.213,0.06275501
32.4366550445557,1631599947.463,0.05635144
32.6866550445557,1631599947.713,0.09861501
32.9366550445557,1631599947.963,0.116545
33.1866550445557,1631599948.213,0.06915858
33.4366550445557,1631599948.463,0.07172001
33.6866550445557,1631599948.713,0.07300072
33.9366550445557,1631599948.963,0.08580787
34.1866550445557,1631599949.213,0.07172001
34.4366550445557,1631599949.463,0.07300072
34.6866550445557,1631599949.713,0.06659715
34.9366550445557,1631599949.963,0.06659715
35.1866550445557,1631599950.213,0.07300072
35.4366550445557,1631599950.463,0.07684287
35.6866550445557,1631599950.713,0.07556215
35.9366550445557,1631599950.963,0.04098287
36.1866550445557,1631599951.213,0.07428144
36.4366550445557,1631599951.463,0.03970215
36.6866550445557,1631599951.713,0.05635144
36.9366550445557,1631599951.963,0.01024573
37.1866550445557,1631599952.213,0.08965001
37.4366550445557,1631599952.463,0.10758
37.6866550445557,1631599952.713,0.08580787
37.9366550445557,1631599952.963,0.1011764
38.1866550445557,1631599953.213,0.1191064
38.4366550445557,1631599953.463,0.1024572
38.6866550445557,1631599953.713,0.1011764
38.9366550445557,1631599953.963,0.1062993
39.1866550445557,1631599954.213,0.1037379
39.4366550445557,1631599954.463,0.1037379
39.6866550445557,1631599954.713,0.1037379
39.9366550445557,1631599954.963,0.1024572
40.1866550445557,1631599955.213,0.1037379
40.4366550445557,1631599955.463,0.09221143
40.6866550445557,1631599955.713,0.09733429
40.9366550445557,1631599955.963,0.08580787
41.1866550445557,1631599956.213,0.1152643
41.4366550445557,1631599956.463,0.1242293
41.6866550445557,1631599956.713,0.1191064
41.9366550445557,1631599956.963,0.09733429
42.1866550445557,1631599957.213,0.09605358
42.4366550445557,1631599957.463,0.09477286
42.6866550445557,1631599957.713,0.09477286
42.9366550445557,1631599957.963,0.08965001
43.1866550445557,1631599958.213,0.06659715
43.4366550445557,1631599958.463,0.06915858
43.6866550445557,1631599958.713,0.07556215
43.9366550445557,1631599958.963,0.08708858
44.1866550445557,1631599959.213,0.09605358
44.4366550445557,1631599959.463,0.09349215
44.6866550445557,1631599959.713,0.08708858
44.9366550445557,1631599959.963,0.07428144
45.1866550445557,1631599960.213,0.07684287
45.4366550445557,1631599960.463,0.06019358
45.6866550445557,1631599960.713,0.06019358
45.9366550445557,1631599960.963,0.06659715
46.1866550445557,1631599961.213,0.07300072
46.4366550445557,1631599961.463,0.07556215
46.6866550445557,1631599961.713,0.08452715
46.9366550445557,1631599961.963,0.08324643
47.1866550445557,1631599962.213,0.08580787
47.4366550445557,1631599962.463,0.07940429
47.6866550445557,1631599962.713,0.080685
47.9366550445557,1631599962.963,0.09733429
48.1866550445557,1631599963.213,0.1127029
48.4366550445557,1631599963.463,0.116545
48.6866550445557,1631599963.713,0.1229486
48.9366550445557,1631599963.963,0.1216679
49.1866550445557,1631599964.213,0.116545
49.4366550445557,1631599964.463,0.1114221
49.6866550445557,1631599964.713,0.1293521
49.9366550445557,1631599964.963,0.1447207
50.1866550445557,1631599965.213,0.1485629
50.4366550445557,1631599965.463,0.1498436
50.6866550445557,1631599965.713,0.05507072
50.9366550445557,1631599965.963,0.08452715
51.1866550445557,1631599966.213,0.08452715
51.4366550445557,1631599966.463,0.08324643
51.6866550445557,1631599966.713,0.08324643
51.9366550445557,1631599966.963,0.09093072
52.1866550445557,1631599967.213,0.0883693
53.4366550445557,1631599968.463,0.06787787
53.6866550445557,1631599968.713,0.06787787
53.9366550445557,1631599968.963,0.07300072
54.1866550445557,1631599969.213,0.07556215
54.4366550445557,1631599969.463,0.07300072
54.6866550445557,1631599969.713,0.07812358
54.9366550445557,1631599969.963,0.07556215
55.1866550445557,1631599970.213,0.07556215
55.4366550445557,1631599970.463,0.07812358
55.6866550445557,1631599970.713,0.080685
55.9366550445557,1631599970.963,0.07556215
56.1866550445557,1631599971.213,0.07684287
56.4366550445557,1631599971.463,0.06787787
56.6866550445557,1631599971.713,0.05763215
58.1866550445557,1631599973.213,0.07556215
58.4366550445557,1631599973.463,0.1024572
58.6866550445557,1631599973.713,0.1139836
58.9366550445557,1631599973.963,0.1127029
59.1866550445557,1631599974.213,0.1331943
59.4366550445557,1631599974.463,0.09349215
59.6866550445557,1631599974.713,0.07300072
59.9366550445557,1631599974.963,0.07940429
60.1866550445557,1631599975.213,0.080685
60.4366550445557,1631599975.463,0.0883693
60.6866550445557,1631599975.713,0.07428144
60.9366550445557,1631599975.963,0.07556215
61.1866550445557,1631599976.213,0.07043929
61.4366550445557,1631599976.463,0.06275501
61.6866550445557,1631599976.713,0.07172001
61.9366550445557,1631599976.963,0.07172001
62.1866550445557,1631599977.213,0.06915858
62.4366550445557,1631599977.463,0.06275501
62.6866550445557,1631599977.713,0.0614743
62.9366550445557,1631599977.963,0.06787787
63.1866550445557,1631599978.213,0.06659715
63.4366550445557,1631599978.463,0.06787787
63.6866550445557,1631599978.713,0.07172001
63.9366550445557,1631599978.963,0.07043929
64.1866550445557,1631599979.213,0.06915858
65.4366550445557,1631599980.463,0.08196572
65.6866550445557,1631599980.713,0.07940429
66.9366550445557,1631599981.963,0.080685
67.1866550445557,1631599982.213,0.07812358
67.4366550445557,1631599982.463,0.07812358
67.6866550445557,1631599982.713,0.080685
67.9366550445557,1631599982.963,0.07812358
68.1866550445557,1631599983.213,0.07556215
68.4366550445557,1631599983.463,0.07940429
68.6866550445557,1631599983.713,0.07684287
68.9366550445557,1631599983.963,0.07812358
69.1866550445557,1631599984.213,0.07556215
69.4366550445557,1631599984.463,0.07556215
69.6866550445557,1631599984.713,0.07300072
69.9366550445557,1631599984.963,0.07556215
70.1866550445557,1631599985.213,0.07043929
70.4366550445557,1631599985.463,0.07300072
70.6866550445557,1631599985.713,0.07556215
70.9366550445557,1631599985.963,0.07043929
71.1866550445557,1631599986.213,0.07428144
71.4366550445557,1631599986.463,0.07428144
71.6866550445557,1631599986.713,0.07428144
71.9366550445557,1631599986.963,0.07684287
72.1866550445557,1631599987.213,0.07684287
72.4366550445557,1631599987.463,0.06787787
72.6866550445557,1631599987.713,0.06531644
72.9366550445557,1631599987.963,0.06019358
73.1866550445557,1631599988.213,0.0614743
73.4366550445557,1631599988.463,0.06915858
73.6866550445557,1631599988.713,0.06787787
73.9366550445557,1631599988.963,0.07300072
74.1866550445557,1631599989.213,0.07556215
74.4366550445557,1631599989.463,0.07043929
74.6866550445557,1631599989.713,0.07172001
74.9366550445557,1631599989.963,0.07428144
75.1866550445557,1631599990.213,0.07043929
75.4366550445557,1631599990.463,0.06659715
75.6866550445557,1631599990.713,0.06659715
75.9366550445557,1631599990.963,0.0525093
76.1866550445557,1631599991.213,0.06787787
76.4366550445557,1631599991.463,0.04098287
76.6866550445557,1631599991.713,0.02945644
76.9366550445557,1631599991.963,0.03586001
77.1866550445557,1631599992.213,0.03586001
77.4366550445557,1631599992.463,0.03586001
77.6866550445557,1631599992.713,0.03714073
77.9366550445557,1631599992.963,0.03970215
78.1866550445557,1631599993.213,0.03842144
78.4366550445557,1631599993.463,0.03842144
78.6866550445557,1631599993.713,0.04098287
78.9366550445557,1631599993.963,0.03842144
79.1866550445557,1631599994.213,0.03714073
79.4366550445557,1631599994.463,0.04226358
79.6866550445557,1631599994.713,0.04226358
79.9366550445557,1631599994.963,0.03842144
80.1866550445557,1631599995.213,0.03970215
80.4366550445557,1631599995.463,0.04226358
80.6866550445557,1631599995.713,0.03586001
80.9366550445557,1631599995.963,0.04866716
81.1866550445557,1631599996.213,0.0435443
81.4366550445557,1631599996.463,0.03970215
81.6866550445557,1631599996.713,0.04098287
81.9366550445557,1631599996.963,0.0525093
82.1866550445557,1631599997.213,0.08708858
82.4366550445557,1631599997.463,0.06275501
82.6866550445557,1631599997.713,0.06275501
82.9366550445557,1631599997.963,0.06019358
83.1866550445557,1631599998.213,0.06787787
83.4366550445557,1631599998.463,0.02689501
83.6866550445557,1631599998.713,0.05507072
83.9366550445557,1631599998.963,0.07043929
84.1866550445557,1631599999.213,0.06787787
84.4366550445557,1631599999.463,0.04866716
84.6866550445557,1631599999.713,0.06531644
84.9366550445557,1631599999.963,0.06915858
85.1866550445557,1631600000.213,0.06915858
85.4366550445557,1631600000.463,0.07172001
85.6866550445557,1631600000.713,0.07556215
85.9366550445557,1631600000.963,0.07940429
86.1866550445557,1631600001.213,0.08324643
86.4366550445557,1631600001.463,0.07812358
86.6866550445557,1631600001.713,0.06915858
86.9366550445557,1631600001.963,0.06659715
87.1866550445557,1631600002.213,0.07812358
87.4366550445557,1631600002.463,0.08196572
87.6866550445557,1631600002.713,0.080685
87.9366550445557,1631600002.963,0.06915858
88.1866550445557,1631600003.213,0.08965001
89.4366550445557,1631600004.463,0.06787787
89.6866550445557,1631600004.713,0.06787787
89.9366550445557,1631600004.963,0.07684287
90.1866550445557,1631600005.213,0.07428144
90.4366550445557,1631600005.463,0.080685
90.6866550445557,1631600005.713,0.08324643
90.9366550445557,1631600005.963,0.080685
91.1866550445557,1631600006.213,0.08452715
91.4366550445557,1631600006.463,0.0883693
91.6866550445557,1631600006.713,0.08196572
91.9366550445557,1631600006.963,0.08708858
92.1866550445557,1631600007.213,0.0883693
92.4366550445557,1631600007.463,0.09093072
92.6866550445557,1631600007.713,0.08708858
92.9366550445557,1631600007.963,0.08708858
93.1866550445557,1631600008.213,0.0883693
93.4366550445557,1631600008.463,0.08580787
93.6866550445557,1631600008.713,0.09221143
93.9366550445557,1631600008.963,0.09349215
94.1866550445557,1631600009.213,0.09093072
94.4366550445557,1631600009.463,0.09221143
94.6866550445557,1631600009.713,0.09349215
94.9366550445557,1631600009.963,0.08708858
95.1866550445557,1631600010.213,0.08965001
95.4366550445557,1631600010.463,0.0883693
95.6866550445557,1631600010.713,0.08708858
95.9366550445557,1631600010.963,0.09093072
96.1866550445557,1631600011.213,0.09221143
96.4366550445557,1631600011.463,0.08708858
96.6866550445557,1631600011.713,0.09093072
96.9366550445557,1631600011.963,0.09221143
97.1866550445557,1631600012.213,0.09093072
97.4366550445557,1631600012.463,0.09221143
97.6866550445557,1631600012.713,0.0883693
97.9366550445557,1631600012.963,0.0883693
98.1866550445557,1631600013.213,0.08452715
98.4366550445557,1631600013.463,0.08580787
98.6866550445557,1631600013.713,0.07940429
98.9366550445557,1631600013.963,0.07684287
99.1866550445557,1631600014.213,0.07812358
99.4366550445557,1631600014.463,0.08196572
99.6866550445557,1631600014.713,0.07940429
99.9366550445557,1631600014.963,0.08324643
100.186655044556,1631600015.213,0.08708858
101.436655044556,1631600016.463,0.08708858
101.686655044556,1631600016.713,0.09093072
101.936655044556,1631600016.963,0.09093072
102.186655044556,1631600017.213,0.08965001
102.436655044556,1631600017.463,0.09093072
102.686655044556,1631600017.713,0.09093072
102.936655044556,1631600017.963,0.08965001
103.186655044556,1631600018.213,0.0883693
103.436655044556,1631600018.463,0.09093072
103.686655044556,1631600018.713,0.08965001
103.936655044556,1631600018.963,0.0883693
104.186655044556,1631600019.213,0.09221143
104.436655044556,1631600019.463,0.08965001
104.686655044556,1631600019.713,0.09093072
105.936655044556,1631600020.963,0.08580787
106.186655044556,1631600021.213,0.08324643
106.436655044556,1631600021.463,0.08324643
106.686655044556,1631600021.713,0.08965001
106.936655044556,1631600021.963,0.08196572
107.186655044556,1631600022.213,0.08965001
107.436655044556,1631600022.463,0.08452715
107.686655044556,1631600022.713,0.1191064
107.936655044556,1631600022.963,0.08324643
108.186655044556,1631600023.213,0.1050186
108.436655044556,1631600023.463,0.06275501
108.686655044556,1631600023.713,0.07940429
108.936655044556,1631600023.963,0.08196572
109.186655044556,1631600024.213,0.08196572
109.436655044556,1631600024.463,0.09733429
109.686655044556,1631600024.713,0.09605358
109.936655044556,1631600024.963,0.07172001
110.186655044556,1631600025.213,0.07684287
110.436655044556,1631600025.463,0.06787787
110.686655044556,1631600025.713,0.06915858
110.936655044556,1631600025.963,0.06275501
111.186655044556,1631600026.213,0.07940429
111.436655044556,1631600026.463,0.06019358
111.686655044556,1631600026.713,0.09221143
111.936655044556,1631600026.963,0.1114221
112.186655044556,1631600027.213,0.1472821
112.436655044556,1631600027.463,0.1472821
112.686655044556,1631600027.713,0.1139836
112.936655044556,1631600027.963,0.1152643
113.186655044556,1631600028.213,0.1191064
113.436655044556,1631600028.463,0.1229486
113.686655044556,1631600028.713,0.1229486
114.936655044556,1631600029.963,0.1024572
115.186655044556,1631600030.213,0.09605358
116.686655044556,1631600031.713,0.07940429
116.936655044556,1631600031.963,0.07043929
117.186655044556,1631600032.213,0.08965001
117.436655044556,1631600032.463,0.08580787
117.686655044556,1631600032.713,0.07428144
117.936655044556,1631600032.963,0.08324643
118.186655044556,1631600033.213,0.08196572
118.936655044556,1631600033.963,0.07812358
119.186655044556,1631600034.213,0.07428144
119.436655044556,1631600034.463,0.07428144
119.686655044556,1631600034.713,0.08196572
119.936655044556,1631600034.963,0.07300072
120.186655044556,1631600035.213,0.07300072
120.436655044556,1631600035.463,0.07684287
120.686655044556,1631600035.713,0.07812358
120.936655044556,1631600035.963,0.07684287
121.186655044556,1631600036.213,0.07300072
121.436655044556,1631600036.463,0.07428144
121.686655044556,1631600036.713,0.07556215
121.936655044556,1631600036.963,0.08196572
122.186655044556,1631600037.213,0.08580787
122.436655044556,1631600037.463,0.07684287
122.686655044556,1631600037.713,0.07940429
122.936655044556,1631600037.963,0.08324643
123.186655044556,1631600038.213,0.08196572
123.436655044556,1631600038.463,0.08708858
123.686655044556,1631600038.713,0.08580787
123.936655044556,1631600038.963,0.08324643
124.186655044556,1631600039.213,0.080685
124.436655044556,1631600039.463,0.08196572
124.686655044556,1631600039.713,0.07172001
124.936655044556,1631600039.963,0.08324643
125.186655044556,1631600040.213,0.09093072
125.436655044556,1631600040.463,0.09093072
125.686655044556,1631600040.713,0.07556215
126.936655044556,1631600041.963,0.08708858
127.186655044556,1631600042.213,0.1050186
127.436655044556,1631600042.463,0.1216679
127.686655044556,1631600042.713,0.1370364
127.936655044556,1631600042.963,0.1319136
128.186655044556,1631600043.213,0.116545
128.436655044556,1631600043.463,0.1178257
128.686655044556,1631600043.713,0.1114221
128.936655044556,1631600043.963,0.1088607
129.186655044556,1631600044.213,0.10758
129.436655044556,1631600044.463,0.09477286
129.686655044556,1631600044.713,0.1127029
129.936655044556,1631600044.963,0.1178257
130.186655044556,1631600045.213,0.1024572
130.436655044556,1631600045.463,0.1485629
130.686655044556,1631600045.713,0.1152643
130.936655044556,1631600045.963,0.1050186
131.186655044556,1631600046.213,0.1127029
131.436655044556,1631600046.463,0.116545
131.686655044556,1631600046.713,0.080685
132.936655044556,1631600047.963,0.1037379
133.186655044556,1631600048.213,0.1114221
133.436655044556,1631600048.463,0.1293521
133.686655044556,1631600048.713,0.1357557
133.936655044556,1631600048.963,0.1306329
134.186655044556,1631600049.213,0.1191064
134.436655044556,1631600049.463,0.1395979
134.686655044556,1631600049.713,0.1408786
136.186655044556,1631600051.213,0.1191064
136.436655044556,1631600051.463,0.1037379
136.686655044556,1631600051.713,0.1062993
136.936655044556,1631600051.963,0.1331943
137.186655044556,1631600052.213,0.1511243
137.436655044556,1631600052.463,0.1575278
137.686655044556,1631600052.713,0.2228443
137.936655044556,1631600052.963,0.23309
138.186655044556,1631600053.213,0.2279671
138.436655044556,1631600053.463,0.206195
138.686655044556,1631600053.713,0.1933879
138.936655044556,1631600053.963,0.1626507
139.186655044556,1631600054.213,0.1639314
140.436655044556,1631600055.463,0.1805807
140.686655044556,1631600055.713,0.1818614
140.936655044556,1631600055.963,0.1716157
141.186655044556,1631600056.213,0.1741771
141.436655044556,1631600056.463,0.1793
141.686655044556,1631600056.713,0.1818614
141.936655044556,1631600056.963,0.1793
142.186655044556,1631600057.213,0.1793
143.436655044556,1631600058.463,0.1805807
143.686655044556,1631600058.713,0.1780193
144.686655044556,1631600059.713,0.1818614
144.936655044556,1631600059.963,0.1536857
145.186655044556,1631600060.213,0.170335
146.686655044556,1631600061.713,0.170335
146.936655044556,1631600061.963,0.1588086
147.186655044556,1631600062.213,0.1780193
147.436655044556,1631600062.463,0.1626507
147.686655044556,1631600062.713,0.1575278
147.936655044556,1631600062.963,0.1319136
148.186655044556,1631600063.213,0.1114221
148.436655044556,1631600063.463,0.1114221
148.686655044556,1631600063.713,0.1280714
148.936655044556,1631600063.963,0.1357557
149.186655044556,1631600064.213,0.1293521
149.436655044556,1631600064.463,0.14344
149.686655044556,1631600064.713,0.1370364
149.936655044556,1631600064.963,0.1229486
150.186655044556,1631600065.213,0.1229486
150.436655044556,1631600065.463,0.1280714
150.686655044556,1631600065.713,0.1319136
150.936655044556,1631600065.963,0.1293521
151.186655044556,1631600066.213,0.1331943
151.436655044556,1631600066.463,0.1421593
151.686655044556,1631600066.713,0.1319136
151.936655044556,1631600066.963,0.1319136
152.186655044556,1631600067.213,0.1229486
152.436655044556,1631600067.463,0.1331943
152.686655044556,1631600067.713,0.134475
153.686655044556,1631600068.713,0.1408786
153.936655044556,1631600068.963,0.1370364
154.186655044556,1631600069.213,0.1203871
155.686655044556,1631600070.713,0.1395979
156.936655044556,1631600071.963,0.1319136
157.186655044556,1631600072.213,0.1229486
158.686655044556,1631600073.713,0.1293521
158.936655044556,1631600073.963,0.1280714
159.186655044556,1631600074.213,0.134475
159.436655044556,1631600074.463,0.1280714
159.686655044556,1631600074.713,0.1267907
159.936655044556,1631600074.963,0.1319136
160.186655044556,1631600075.213,0.1280714
160.436655044556,1631600075.463,0.1280714
160.686655044556,1631600075.713,0.1319136
160.936655044556,1631600075.963,0.1319136
161.186655044556,1631600076.213,0.1306329
161.436655044556,1631600076.463,0.1331943
161.686655044556,1631600076.713,0.1293521
163.186655044556,1631600078.213,0.1319136
163.436655044556,1631600078.463,0.1280714
163.686655044556,1631600078.713,0.1267907
163.936655044556,1631600078.963,0.1421593
164.186655044556,1631600079.213,0.1383171
164.436655044556,1631600079.463,0.1306329
164.686655044556,1631600079.713,0.1408786
165.936655044556,1631600080.963,0.14344
166.186655044556,1631600081.213,0.1280714
166.436655044556,1631600081.463,0.1677736
166.686655044556,1631600081.713,0.1677736
166.936655044556,1631600081.963,0.170335
167.186655044556,1631600082.213,0.1716157
167.436655044556,1631600082.463,0.1844229
167.686655044556,1631600082.713,0.1383171
168.936655044556,1631600083.963,0.1114221
169.186655044556,1631600084.213,0.1178257
169.436655044556,1631600084.463,0.1319136
169.686655044556,1631600084.713,0.1319136
169.936655044556,1631600084.963,0.1357557
170.186655044556,1631600085.213,0.1370364
170.436655044556,1631600085.463,0.1357557
170.686655044556,1631600085.713,0.1421593
170.936655044556,1631600085.963,0.1280714
171.186655044556,1631600086.213,0.1370364
171.436655044556,1631600086.463,0.1306329
171.686655044556,1631600086.713,0.1357557
171.936655044556,1631600086.963,0.1383171
172.186655044556,1631600087.213,0.1408786
172.436655044556,1631600087.463,0.1408786
172.686655044556,1631600087.713,0.134475
172.936655044556,1631600087.963,0.1229486
173.186655044556,1631600088.213,0.1191064
173.436655044556,1631600088.463,0.12551
173.686655044556,1631600088.713,0.1280714
173.936655044556,1631600088.963,0.1331943
174.186655044556,1631600089.213,0.07684287
174.436655044556,1631600089.463,0.09989572
174.686655044556,1631600089.713,0.1152643
174.936655044556,1631600089.963,0.1203871
175.186655044556,1631600090.213,0.1216679
176.436655044556,1631600091.463,0.1114221
176.686655044556,1631600091.713,0.1216679
177.936655044556,1631600092.963,0.10758
178.186655044556,1631600093.213,0.10758
178.436655044556,1631600093.463,0.1152643
178.686655044556,1631600093.713,0.12551
178.936655044556,1631600093.963,0.1370364
179.186655044556,1631600094.213,0.1319136
179.436655044556,1631600094.463,0.1127029
179.686655044556,1631600094.713,0.09989572
179.936655044556,1631600094.963,0.1024572
180.186655044556,1631600095.213,0.09989572
180.436655044556,1631600095.463,0.09989572
180.686655044556,1631600095.713,0.1037379
180.936655044556,1631600095.963,0.1037379
181.186655044556,1631600096.213,0.1037379
181.436655044556,1631600096.463,0.1062993
181.686655044556,1631600096.713,0.1062993
181.936655044556,1631600096.963,0.1050186
182.186655044556,1631600097.213,0.10758
182.436655044556,1631600097.463,0.1139836
182.686655044556,1631600097.713,0.1139836
182.936655044556,1631600097.963,0.1191064
183.186655044556,1631600098.213,0.1216679
183.436655044556,1631600098.463,0.1216679
183.686655044556,1631600098.713,0.1152643
183.936655044556,1631600098.963,0.1280714
184.186655044556,1631600099.213,0.1280714
185.686655044556,1631600100.713,0.134475
185.936655044556,1631600100.963,0.1306329
186.186655044556,1631600101.213,0.1370364
186.436655044556,1631600101.463,0.1408786
186.686655044556,1631600101.713,0.14344
186.936655044556,1631600101.963,0.14344
187.186655044556,1631600102.213,0.1408786
187.436655044556,1631600102.463,0.1421593
187.686655044556,1631600102.713,0.1460014
187.936655044556,1631600102.963,0.1447207
188.186655044556,1631600103.213,0.14344
188.436655044556,1631600103.463,0.1472821
188.686655044556,1631600103.713,0.1460014
188.936655044556,1631600103.963,0.1460014
189.186655044556,1631600104.213,0.1447207
189.436655044556,1631600104.463,0.1114221
189.686655044556,1631600104.713,0.1037379
189.936655044556,1631600104.963,0.1267907
190.186655044556,1631600105.213,0.134475
190.436655044556,1631600105.463,0.09861501
190.686655044556,1631600105.713,0.116545
190.936655044556,1631600105.963,0.1293521
191.186655044556,1631600106.213,0.1216679
191.436655044556,1631600106.463,0.1191064
191.686655044556,1631600106.713,0.12551
191.936655044556,1631600106.963,0.1421593
192.186655044556,1631600107.213,0.1472821
192.436655044556,1631600107.463,0.1408786
192.686655044556,1631600107.713,0.1472821
192.936655044556,1631600107.963,0.1485629
193.186655044556,1631600108.213,0.1485629
193.436655044556,1631600108.463,0.134475
193.686655044556,1631600108.713,0.1460014
193.936655044556,1631600108.963,0.1421593
194.186655044556,1631600109.213,0.1536857
194.436655044556,1631600109.463,0.1549664
194.686655044556,1631600109.713,0.1485629
194.936655044556,1631600109.963,0.1549664
195.186655044556,1631600110.213,0.1536857
195.436655044556,1631600110.463,0.152405
195.686655044556,1631600110.713,0.1600893
195.936655044556,1631600110.963,0.1536857
196.186655044556,1631600111.213,0.1408786
196.436655044556,1631600111.463,0.1331943
196.686655044556,1631600111.713,0.1357557
196.936655044556,1631600111.963,0.134475
197.186655044556,1631600112.213,0.1639314
197.436655044556,1631600112.463,0.1408786
197.686655044556,1631600112.713,0.1562471
197.936655044556,1631600112.963,0.1536857
198.186655044556,1631600113.213,0.152405
198.436655044556,1631600113.463,0.1114221
198.686655044556,1631600113.713,0.1178257
198.936655044556,1631600113.963,0.1229486
199.186655044556,1631600114.213,0.1383171
199.436655044556,1631600114.463,0.1203871
199.686655044556,1631600114.713,0.1331943
199.936655044556,1631600114.963,0.1600893
200.186655044556,1631600115.213,0.1511243
200.436655044556,1631600115.463,0.1575278
200.686655044556,1631600115.713,0.1600893
201.936655044556,1631600116.963,0.01921073
202.186655044556,1631600117.213,0.10758
202.436655044556,1631600117.463,0.09349215
202.686655044556,1631600117.713,0
202.936655044556,1631600117.963,0.1062993
203.186655044556,1631600118.213,0.1127029
203.436655044556,1631600118.463,0.1050186
203.686655044556,1631600118.713,0.10758
203.936655044556,1631600118.963,0.1101414
204.186655044556,1631600119.213,0.10758
204.436655044556,1631600119.463,0.10758
204.686655044556,1631600119.713,0.1101414
204.936655044556,1631600119.963,0.1088607
205.186655044556,1631600120.213,0.1037379
205.436655044556,1631600120.463,0.1062993
205.686655044556,1631600120.713,0.1114221
205.936655044556,1631600120.963,0.1101414
206.186655044556,1631600121.213,0.1127029
206.436655044556,1631600121.463,0.1127029
206.686655044556,1631600121.713,0.1114221
206.936655044556,1631600121.963,0.1139836
207.186655044556,1631600122.213,0.1306329
207.436655044556,1631600122.463,0.1242293
207.686655044556,1631600122.713,0.1191064
207.936655044556,1631600122.963,0.1280714
208.186655044556,1631600123.213,0.1216679
208.436655044556,1631600123.463,0.1114221
208.686655044556,1631600123.713,0.116545
208.936655044556,1631600123.963,0.1280714
209.186655044556,1631600124.213,0.10758
209.436655044556,1631600124.463,0.1395979
209.686655044556,1631600124.713,0.1370364
209.936655044556,1631600124.963,0.1447207
210.186655044556,1631600125.213,0.1229486
210.436655044556,1631600125.463,0.1216679
210.686655044556,1631600125.713,0.1139836
210.936655044556,1631600125.963,0.1152643
211.186655044556,1631600126.213,0.1191064
211.436655044556,1631600126.463,0.116545
211.686655044556,1631600126.713,0.1229486
211.936655044556,1631600126.963,0.1242293
212.186655044556,1631600127.213,0.1216679
212.436655044556,1631600127.463,0.12551
212.686655044556,1631600127.713,0.12551
212.936655044556,1631600127.963,0.1242293
213.186655044556,1631600128.213,0.12551
213.436655044556,1631600128.463,0.1280714
213.686655044556,1631600128.713,0.1242293
213.936655044556,1631600128.963,0.1267907
214.186655044556,1631600129.213,0.1280714
214.436655044556,1631600129.463,0.1229486
214.686655044556,1631600129.713,0.1267907
214.936655044556,1631600129.963,0.1267907
215.186655044556,1631600130.213,0.1267907
215.436655044556,1631600130.463,0.1191064
215.686655044556,1631600130.713,0.1203871
215.936655044556,1631600130.963,0.1216679
216.186655044556,1631600131.213,0.1242293
216.436655044556,1631600131.463,0.1267907
216.686655044556,1631600131.713,0.1267907
216.936655044556,1631600131.963,0.1267907
217.186655044556,1631600132.213,0.1293521
217.436655044556,1631600132.463,0.1293521
217.686655044556,1631600132.713,0.1242293
217.936655044556,1631600132.963,0.1280714
218.186655044556,1631600133.213,0.1306329
218.436655044556,1631600133.463,0.1267907
218.686655044556,1631600133.713,0.1267907
218.936655044556,1631600133.963,0.1280714
219.186655044556,1631600134.213,0.12551
219.436655044556,1631600134.463,0.12551
219.686655044556,1631600134.713,0.1293521
219.936655044556,1631600134.963,0.1293521
220.186655044556,1631600135.213,0.1280714
221.436655044556,1631600136.463,0.1395979
221.686655044556,1631600136.713,0.1216679
223.186655044556,1631600138.213,0.1229486
223.436655044556,1631600138.463,0.1267907
223.686655044556,1631600138.713,0.1242293
223.936655044556,1631600138.963,0.1242293
224.186655044556,1631600139.213,0.1242293
224.436655044556,1631600139.463,0.1280714
224.686655044556,1631600139.713,0.12551
224.936655044556,1631600139.963,0.1242293
225.186655044556,1631600140.213,0.1280714
225.436655044556,1631600140.463,0.12551
225.686655044556,1631600140.713,0.1267907
225.936655044556,1631600140.963,0.1280714
226.186655044556,1631600141.213,0.12551
227.436655044556,1631600142.463,0.1101414
227.686655044556,1631600142.713,0.1114221
227.936655044556,1631600142.963,0.1203871
228.186655044556,1631600143.213,0.1229486
228.436655044556,1631600143.463,0.1101414
228.686655044556,1631600143.713,0.09989572
228.936655044556,1631600143.963,0.1114221
229.186655044556,1631600144.213,0.116545
229.436655044556,1631600144.463,0.116545
229.686655044556,1631600144.713,0.1229486
229.936655044556,1631600144.963,0.1242293
230.186655044556,1631600145.213,0.1191064
230.436655044556,1631600145.463,0.1191064
230.686655044556,1631600145.713,0.12551
232.186655044556,1631600147.213,0.1331943
233.186655044556,1631600148.213,0.1306329
233.436655044556,1631600148.463,0.1331943
233.686655044556,1631600148.713,0.1331943
233.936655044556,1631600148.963,0.1331943
234.186655044556,1631600149.213,0.1331943
234.436655044556,1631600149.463,0.1357557
234.686655044556,1631600149.713,0.134475
234.936655044556,1631600149.963,0.1357557
235.186655044556,1631600150.213,0.1383171
235.436655044556,1631600150.463,0.1370364
235.686655044556,1631600150.713,0.1370364
235.936655044556,1631600150.963,0.1370364
236.186655044556,1631600151.213,0.1395979
236.436655044556,1631600151.463,0.134475
236.686655044556,1631600151.713,0.1280714
236.936655044556,1631600151.963,0.1280714
237.186655044556,1631600152.213,0.1331943
237.436655044556,1631600152.463,0.1293521
237.686655044556,1631600152.713,0.1319136
237.936655044556,1631600152.963,0.1293521
238.186655044556,1631600153.213,0.1319136
238.436655044556,1631600153.463,0.1319136
238.686655044556,1631600153.713,0.1280714
238.936655044556,1631600153.963,0.1114221
239.186655044556,1631600154.213,0.134475
239.436655044556,1631600154.463,0.1127029
239.686655044556,1631600154.713,0.1139836
239.936655044556,1631600154.963,0.1229486
240.186655044556,1631600155.213,0.1191064
240.436655044556,1631600155.463,0.116545
240.686655044556,1631600155.713,0.1242293
240.936655044556,1631600155.963,0.1319136
241.186655044556,1631600156.213,0.1229486
241.436655044556,1631600156.463,0.1267907
241.686655044556,1631600156.713,0.1306329
241.936655044556,1631600156.963,0.1293521
242.186655044556,1631600157.213,0.1319136
242.436655044556,1631600157.463,0.1370364
242.686655044556,1631600157.713,0.134475
242.936655044556,1631600157.963,0.1331943
243.186655044556,1631600158.213,0.1370364
243.436655044556,1631600158.463,0.1357557
243.686655044556,1631600158.713,0.1306329
243.936655044556,1631600158.963,0.1331943
244.186655044556,1631600159.213,0.1267907
244.436655044556,1631600159.463,0.1383171
244.686655044556,1631600159.713,0.1447207
244.936655044556,1631600159.963,0.1395979
245.186655044556,1631600160.213,0.1408786
245.436655044556,1631600160.463,0.1421593
245.686655044556,1631600160.713,0.1383171
245.936655044556,1631600160.963,0.14344
246.186655044556,1631600161.213,0.1460014
246.436655044556,1631600161.463,0.1472821
246.686655044556,1631600161.713,0.1421593
246.936655044556,1631600161.963,0.1460014
247.186655044556,1631600162.213,0.1498436
247.436655044556,1631600162.463,0.1460014
247.686655044556,1631600162.713,0.1485629
247.936655044556,1631600162.963,0.1485629
248.186655044556,1631600163.213,0.14344
248.436655044556,1631600163.463,0.1331943
248.686655044556,1631600163.713,0.1408786
248.936655044556,1631600163.963,0.1395979
249.186655044556,1631600164.213,0.1421593
249.436655044556,1631600164.463,0.1447207
249.686655044556,1631600164.713,0.1408786
249.936655044556,1631600164.963,0.14344
250.186655044556,1631600165.213,0.1460014
250.436655044556,1631600165.463,0.14344
250.686655044556,1631600165.713,0.14344
250.936655044556,1631600165.963,0.1460014
251.186655044556,1631600166.213,0.14344
251.436655044556,1631600166.463,0.14344
251.686655044556,1631600166.713,0.1460014
251.936655044556,1631600166.963,0.1421593
252.186655044556,1631600167.213,0.14344
252.436655044556,1631600167.463,0.1485629
252.686655044556,1631600167.713,0.1460014
252.936655044556,1631600167.963,0.1485629
253.186655044556,1631600168.213,0.1472821
254.686655044556,1631600169.713,0.1472821
256.186655044556,1631600171.213,0.1460014
257.436655044556,1631600172.463,0.1511243
257.686655044556,1631600172.713,0.1460014
258.686655044556,1631600173.713,0.1306329
258.936655044556,1631600173.963,0.1319136
259.186655044556,1631600174.213,0.12551
264.936655044556,1631600179.963,0.1203871
265.186655044556,1631600180.213,0.1575278
266.686655044556,1631600181.713,0.1460014
266.936655044556,1631600181.963,0.1447207
267.186655044556,1631600182.213,0.1460014
267.436655044556,1631600182.463,0.1421593
267.686655044556,1631600182.713,0.1460014
267.936655044556,1631600182.963,0.1421593
268.186655044556,1631600183.213,0.1421593
268.436655044556,1631600183.463,0.1408786
268.686655044556,1631600183.713,0.1460014
268.936655044556,1631600183.963,0.14344
269.186655044556,1631600184.213,0.1447207
269.436655044556,1631600184.463,0.1460014
269.686655044556,1631600184.713,0.1447207
270.936655044556,1631600185.963,0.1536857
271.186655044556,1631600186.213,0.1485629
271.436655044556,1631600186.463,0.1498436
271.686655044556,1631600186.713,0.1472821
271.936655044556,1631600186.963,0.1498436
272.186655044556,1631600187.213,0.1498436
272.436655044556,1631600187.463,0.152405
272.686655044556,1631600187.713,0.1511243
272.936655044556,1631600187.963,0.1536857
273.186655044556,1631600188.213,0.1536857
273.436655044556,1631600188.463,0.152405
273.686655044556,1631600188.713,0.152405
273.936655044556,1631600188.963,0.1536857
274.186655044556,1631600189.213,0.1562471
275.436655044556,1631600190.463,0.1664928
275.686655044556,1631600190.713,0.16137
276.686655044556,1631600191.713,0.1575278
276.936655044556,1631600191.963,0.1472821
277.186655044556,1631600192.213,0.1511243
277.436655044556,1631600192.463,0.1511243
277.686655044556,1631600192.713,0.1549664
277.936655044556,1631600192.963,0.1536857
278.186655044556,1631600193.213,0.12551
278.436655044556,1631600193.463,0.1485629
278.686655044556,1631600193.713,0.1690543
278.936655044556,1631600193.963,0.1728964
279.186655044556,1631600194.213,0.1728964
279.436655044556,1631600194.463,0.1562471
279.686655044556,1631600194.713,0.1600893
279.936655044556,1631600194.963,0.1652121
280.186655044556,1631600195.213,0.1639314
280.436655044556,1631600195.463,0.1639314
280.686655044556,1631600195.713,0.1664928
280.936655044556,1631600195.963,0.1728964
281.186655044556,1631600196.213,0.152405
281.436655044556,1631600196.463,0.1652121
281.686655044556,1631600196.713,0.1460014
281.936655044556,1631600196.963,0.1370364
282.186655044556,1631600197.213,0.06403572
282.436655044556,1631600197.463,0.06787787
282.686655044556,1631600197.713,0.1357557
282.936655044556,1631600197.963,0.116545
283.186655044556,1631600198.213,0.1588086
283.436655044556,1631600198.463,0.1741771
283.686655044556,1631600198.713,0.1959493
283.936655044556,1631600198.963,0.2049143
284.186655044556,1631600199.213,0.2049143
284.436655044556,1631600199.463,0.206195
284.686655044556,1631600199.713,0.2049143
284.936655044556,1631600199.963,0.206195
285.186655044556,1631600200.213,0.2100371
285.436655044556,1631600200.463,0.2138793
285.686655044556,1631600200.713,0.2113179
285.936655044556,1631600200.963,0.2023529
286.186655044556,1631600201.213,0.1921071
286.436655044556,1631600201.463,0.1869843
286.686655044556,1631600201.713,0.1857036
286.936655044556,1631600201.963,0.1869843
287.186655044556,1631600202.213,0.188265
287.436655044556,1631600202.463,0.1908264
287.686655044556,1631600202.713,0.1921071
287.936655044556,1631600202.963,0.1946686
288.186655044556,1631600203.213,0.1946686
288.436655044556,1631600203.463,0.1985107
288.686655044556,1631600203.713,0.2023529
288.936655044556,1631600203.963,0.1997914
289.186655044556,1631600204.213,0.1985107
289.436655044556,1631600204.463,0.2010721
289.686655044556,1631600204.713,0.1997914
289.936655044556,1631600204.963,0.2036336
290.186655044556,1631600205.213,0.2036336
290.436655044556,1631600205.463,0.1997914
290.686655044556,1631600205.713,0.2036336
290.936655044556,1631600205.963,0.2036336
291.186655044556,1631600206.213,0.2010721
291.436655044556,1631600206.463,0.188265
291.686655044556,1631600206.713,0.1895457
291.936655044556,1631600206.963,0.1946686
292.186655044556,1631600207.213,0.1985107
292.436655044556,1631600207.463,0.1959493
292.686655044556,1631600207.713,0.1997914
292.936655044556,1631600207.963,0.2074757
293.186655044556,1631600208.213,0.2100371
293.436655044556,1631600208.463,0.2202829
293.686655044556,1631600208.713,0.2177214
293.936655044556,1631600208.963,0.2202829
294.186655044556,1631600209.213,0.21516
294.436655044556,1631600209.463,0.2177214
294.686655044556,1631600209.713,0.2164407
294.936655044556,1631600209.963,0.2087564
295.186655044556,1631600210.213,0.2125986
296.686655044556,1631600211.713,0.2087564
296.936655044556,1631600211.963,0.2074757
297.186655044556,1631600212.213,0.2087564
297.436655044556,1631600212.463,0.2100371
297.686655044556,1631600212.713,0.2100371
297.936655044556,1631600212.963,0.2125986
298.186655044556,1631600213.213,0.2138793
298.436655044556,1631600213.463,0.2125986
298.686655044556,1631600213.713,0.2036336
298.936655044556,1631600213.963,0.2125986
299.186655044556,1631600214.213,0.2125986
299.436655044556,1631600214.463,0.2164407
299.686655044556,1631600214.713,0.21516
299.936655044556,1631600214.963,0.2177214
300.186655044556,1631600215.213,0.2177214
300.436655044556,1631600215.463,0.2177214
300.686655044556,1631600215.713,0.2177214
300.936655044556,1631600215.963,0.2010721
301.186655044556,1631600216.213,0.2113179
301.436655044556,1631600216.463,0.2125986
301.686655044556,1631600216.713,0.2100371
301.936655044556,1631600216.963,0.2125986
302.186655044556,1631600217.213,0.2113179
302.436655044556,1631600217.463,0.2074757
302.686655044556,1631600217.713,0.2100371
303.686655044556,1631600218.713,0.21516
303.936655044556,1631600218.963,0.21516
304.186655044556,1631600219.213,0.2138793
304.436655044556,1631600219.463,0.2138793
304.686655044556,1631600219.713,0.2100371
304.936655044556,1631600219.963,0.21516
305.186655044556,1631600220.213,0.21516
305.436655044556,1631600220.463,0.2087564
305.686655044556,1631600220.713,0.2100371
305.936655044556,1631600220.963,0.2113179
306.186655044556,1631600221.213,0.2100371
306.436655044556,1631600221.463,0.2113179
306.686655044556,1631600221.713,0.2100371
306.936655044556,1631600221.963,0.2074757
307.186655044556,1631600222.213,0.2100371
307.436655044556,1631600222.463,0.2049143
307.686655044556,1631600222.713,0.2023529
307.936655044556,1631600222.963,0.2010721
308.186655044556,1631600223.213,0.2010721
308.436655044556,1631600223.463,0.2023529
308.686655044556,1631600223.713,0.2023529
308.936655044556,1631600223.963,0.2010721
309.186655044556,1631600224.213,0.1997914
309.436655044556,1631600224.463,0.2100371
309.686655044556,1631600224.713,0.2049143
309.936655044556,1631600224.963,0.1997914
310.186655044556,1631600225.213,0.2049143
310.436655044556,1631600225.463,0.1985107
310.686655044556,1631600225.713,0.1728964
310.936655044556,1631600225.963,0.1370364
311.186655044556,1631600226.213,0.1536857
311.436655044556,1631600226.463,0.1536857
311.686655044556,1631600226.713,0.152405
311.936655044556,1631600226.963,0.1588086
312.186655044556,1631600227.213,0.1805807
312.436655044556,1631600227.463,0.2356514
312.686655044556,1631600227.713,0.2074757
312.936655044556,1631600227.963,0.2049143
313.186655044556,1631600228.213,0.2049143
313.436655044556,1631600228.463,0.206195
313.686655044556,1631600228.713,0.206195
313.936655044556,1631600228.963,0.2125986
314.186655044556,1631600229.213,0.2125986
314.436655044556,1631600229.463,0.2087564
314.686655044556,1631600229.713,0.2100371
314.936655044556,1631600229.963,0.2087564
315.186655044556,1631600230.213,0.2087564
315.436655044556,1631600230.463,0.2049143
315.686655044556,1631600230.713,0.206195
315.936655044556,1631600230.963,0.2049143
316.186655044556,1631600231.213,0.1997914
317.436655044556,1631600232.463,0.2049143
317.686655044556,1631600232.713,0.2049143
317.936655044556,1631600232.963,0.206195
318.186655044556,1631600233.213,0.2049143
318.436655044556,1631600233.463,0.2023529
318.686655044556,1631600233.713,0.206195
318.936655044556,1631600233.963,0.1985107
319.186655044556,1631600234.213,0.2049143
319.436655044556,1631600234.463,0.2049143
319.686655044556,1631600234.713,0.2049143
319.936655044556,1631600234.963,0.2087564
320.186655044556,1631600235.213,0.2100371
320.436655044556,1631600235.463,0.2036336
320.686655044556,1631600235.713,0.2074757
320.936655044556,1631600235.963,0.2049143
321.186655044556,1631600236.213,0.2036336
321.436655044556,1631600236.463,0.2010721
321.686655044556,1631600236.713,0.2023529
321.936655044556,1631600236.963,0.1946686
322.186655044556,1631600237.213,0.1933879
322.436655044556,1631600237.463,0.1588086
322.686655044556,1631600237.713,0.3060907
322.936655044556,1631600237.963,0.2190021
323.186655044556,1631600238.213,0.2305286
323.436655044556,1631600238.463,0.2164407
323.686655044556,1631600238.713,0.2087564
323.936655044556,1631600238.963,0.2074757
324.186655044556,1631600239.213,0.206195
324.436655044556,1631600239.463,0.2113179
324.686655044556,1631600239.713,0.206195
324.936655044556,1631600239.963,0.2190021
325.186655044556,1631600240.213,0.2202829
325.436655044556,1631600240.463,0.21516
325.686655044556,1631600240.713,0.2164407
325.936655044556,1631600240.963,0.2215636
326.186655044556,1631600241.213,0.2279671
326.436655044556,1631600241.463,0.2177214
326.686655044556,1631600241.713,0.2049143
326.936655044556,1631600241.963,0.1844229
327.186655044556,1631600242.213,0.1831421
327.436655044556,1631600242.463,0.1805807
327.686655044556,1631600242.713,0.188265
327.936655044556,1631600242.963,0.1946686
328.186655044556,1631600243.213,0.1959493
329.436655044556,1631600244.463,0.2305286
329.686655044556,1631600244.713,0.23309
329.936655044556,1631600244.963,0.2292479
330.186655044556,1631600245.213,0.2266864
330.436655044556,1631600245.463,0.2292479
330.686655044556,1631600245.713,0.23309
330.936655044556,1631600245.963,0.2356514
331.186655044556,1631600246.213,0.2458971
331.436655044556,1631600246.463,0.2535814
331.686655044556,1631600246.713,0.2471778
331.936655044556,1631600246.963,0.2651078
332.186655044556,1631600247.213,0.2612657
332.436655044556,1631600247.463,0.2574235
332.686655044556,1631600247.713,0.2715114
332.936655044556,1631600247.963,0.277915
333.186655044556,1631600248.213,0.2984064
333.436655044556,1631600248.463,0.2727921
333.686655044556,1631600248.713,0.2561429
333.936655044556,1631600248.963,0.2535814
334.186655044556,1631600249.213,0.2535814
334.436655044556,1631600249.463,0.2523007
334.686655044556,1631600249.713,0.2369321
334.936655044556,1631600249.963,0.2343707
335.186655044556,1631600250.213,0.2382128
335.436655044556,1631600250.463,0.2305286
335.686655044556,1631600250.713,0.2356514
335.936655044556,1631600250.963,0.2407743
336.186655044556,1631600251.213,0.2433357
336.436655044556,1631600251.463,0.2471778
336.686655044556,1631600251.713,0.2369321
336.936655044556,1631600251.963,0.2343707
337.186655044556,1631600252.213,0.2369321
337.436655044556,1631600252.463,0.2382128
337.686655044556,1631600252.713,0.2369321
337.936655044556,1631600252.963,0.2433357
338.186655044556,1631600253.213,0.2382128
338.436655044556,1631600253.463,0.2356514
338.686655044556,1631600253.713,0.2343707
338.936655044556,1631600253.963,0.2305286
339.186655044556,1631600254.213,0.2279671
339.436655044556,1631600254.463,0.2279671
339.686655044556,1631600254.713,0.2074757
339.936655044556,1631600254.963,0.2228443
340.186655044556,1631600255.213,0.2305286
340.436655044556,1631600255.463,0.2279671
340.686655044556,1631600255.713,0.2305286
340.936655044556,1631600255.963,0.2215636
341.186655044556,1631600256.213,0.2202829
341.436655044556,1631600256.463,0.2318093
341.686655044556,1631600256.713,0.2356514
341.936655044556,1631600256.963,0.2407743
342.186655044556,1631600257.213,0.2433357
342.436655044556,1631600257.463,0.2356514
342.686655044556,1631600257.713,0.2343707
342.936655044556,1631600257.963,0.23309
343.186655044556,1631600258.213,0.2318093
343.436655044556,1631600258.463,0.2343707
343.686655044556,1631600258.713,0.23309
343.936655044556,1631600258.963,0.2343707
344.186655044556,1631600259.213,0.2356514
344.436655044556,1631600259.463,0.2343707
344.686655044556,1631600259.713,0.2343707
344.936655044556,1631600259.963,0.2356514
345.186655044556,1631600260.213,0.23309
345.436655044556,1631600260.463,0.2318093
345.686655044556,1631600260.713,0.23309
345.936655044556,1631600260.963,0.2318093
346.186655044556,1631600261.213,0.2279671
346.436655044556,1631600261.463,0.2356514
346.686655044556,1631600261.713,0.2382128
346.936655044556,1631600261.963,0.2458971
347.186655044556,1631600262.213,0.2497393
347.436655044556,1631600262.463,0.2702307
347.686655044556,1631600262.713,0.2548621
349.186655044556,1631600264.213,0.2356514
349.436655044556,1631600264.463,0.2433357
349.686655044556,1631600264.713,0.2036336
349.936655044556,1631600264.963,0.206195
350.186655044556,1631600265.213,0.2023529
350.436655044556,1631600265.463,0.2036336
350.686655044556,1631600265.713,0.2125986
350.936655044556,1631600265.963,0.2202829
351.186655044556,1631600266.213,0.2190021
351.436655044556,1631600266.463,0.2369321
351.686655044556,1631600266.713,0.2446164
351.936655044556,1631600266.963,0.2382128
352.186655044556,1631600267.213,0.2369321
352.436655044556,1631600267.463,0.2382128
352.686655044556,1631600267.713,0.2369321
352.936655044556,1631600267.963,0.2369321
353.186655044556,1631600268.213,0.2356514
353.436655044556,1631600268.463,0.2100371
353.686655044556,1631600268.713,0.1921071
353.936655044556,1631600268.963,0.2177214
354.186655044556,1631600269.213,0.2458971
354.436655044556,1631600269.463,0.2266864
354.686655044556,1631600269.713,0.206195
354.936655044556,1631600269.963,0.2023529
355.186655044556,1631600270.213,0.1985107
355.436655044556,1631600270.463,0.2074757
355.686655044556,1631600270.713,0.2215636
355.936655044556,1631600270.963,0.2254057
356.186655044556,1631600271.213,0.2279671
356.436655044556,1631600271.463,0.2305286
356.686655044556,1631600271.713,0.2279671
356.936655044556,1631600271.963,0.23309
357.186655044556,1631600272.213,0.2343707
357.436655044556,1631600272.463,0.2215636
357.686655044556,1631600272.713,0.2202829
357.936655044556,1631600272.963,0.2202829
358.186655044556,1631600273.213,0.224125
358.436655044556,1631600273.463,0.242055
358.686655044556,1631600273.713,0.2484586
358.936655044556,1631600273.963,0.242055
359.186655044556,1631600274.213,0.2266864
359.436655044556,1631600274.463,0.2407743
359.686655044556,1631600274.713,0.2433357
361.186655044556,1631600276.213,0.2561429
362.686655044556,1631600277.713,0.26895
364.186655044556,1631600279.213,0.2574235
365.436655044556,1631600280.463,0.2484586
365.686655044556,1631600280.713,0.2446164
365.936655044556,1631600280.963,0.2535814
366.186655044556,1631600281.213,0.2458971
366.436655044556,1631600281.463,0.2535814
366.686655044556,1631600281.713,0.2625464
366.936655044556,1631600281.963,0.2638271
367.186655044556,1631600282.213,0.2612657
367.436655044556,1631600282.463,0.2663886
367.686655044556,1631600282.713,0.2663886
367.936655044556,1631600282.963,0.2574235
368.186655044556,1631600283.213,0.2612657
368.436655044556,1631600283.463,0.2651078
368.686655044556,1631600283.713,0.2651078
368.936655044556,1631600283.963,0.2702307
369.186655044556,1631600284.213,0.2702307
369.436655044556,1631600284.463,0.2676693
369.686655044556,1631600284.713,0.25102
369.936655044556,1631600284.963,0.2561429
370.186655044556,1631600285.213,0.2561429
370.436655044556,1631600285.463,0.2638271
370.686655044556,1631600285.713,0.26895
370.936655044556,1631600285.963,0.2612657
371.186655044556,1631600286.213,0.2817571
371.436655044556,1631600286.463,0.3009678
371.686655044556,1631600286.713,0.3124943
371.936655044556,1631600286.963,0.3086521
372.186655044556,1631600287.213,0.3086521
372.436655044556,1631600287.463,0.3112136
372.686655044556,1631600287.713,0.3163364
372.936655044556,1631600287.963,0.3393893
373.186655044556,1631600288.213,0.3329857
373.436655044556,1631600288.463,0.3176171
373.686655044556,1631600288.713,0.3509157
373.936655044556,1631600288.963,0.2753536
374.186655044556,1631600289.213,0.3265821
374.436655044556,1631600289.463,0.30481
374.686655044556,1631600289.713,0.2651078
374.936655044556,1631600289.963,0.3099328
375.186655044556,1631600290.213,0.3329857
375.436655044556,1631600290.463,0.26895
375.686655044556,1631600290.713,0.3304242
375.936655044556,1631600290.963,0.3611614
376.186655044556,1631600291.213,0.3509157
376.436655044556,1631600291.463,0.3662843
376.686655044556,1631600291.713,0.367565
376.936655044556,1631600291.963,0.3598807
377.186655044556,1631600292.213,0.3637228
377.436655044556,1631600292.463,0.3521964
377.686655044556,1631600292.713,0.3534771
377.936655044556,1631600292.963,0.3624421
378.186655044556,1631600293.213,0.3611614
378.436655044556,1631600293.463,0.3650036
378.686655044556,1631600293.713,0.3624421
378.936655044556,1631600293.963,0.3662843
379.186655044556,1631600294.213,0.3701264
379.436655044556,1631600294.463,0.3752493
379.686655044556,1631600294.713,0.39446
379.936655044556,1631600294.963,0.4008635
380.186655044556,1631600295.213,0.2932836
380.436655044556,1631600295.463,0.3342664
380.686655044556,1631600295.713,0.3483543
380.936655044556,1631600295.963,0.3893371
381.186655044556,1631600296.213,0.39446
381.436655044556,1631600296.463,0.4098285
381.686655044556,1631600296.713,0.4200743
381.936655044556,1631600296.963,0.4047057
382.186655044556,1631600297.213,0.4187935
382.436655044556,1631600297.463,0.4251971
382.686655044556,1631600297.713,0.3931793
382.936655044556,1631600297.963,0.4021443
383.186655044556,1631600298.213,0.4251971
383.436655044556,1631600298.463,0.39446
383.686655044556,1631600298.713,0.3893371
383.936655044556,1631600298.963,0.367565
384.186655044556,1631600299.213,0.295845
384.436655044556,1631600299.463,0.2971257
384.686655044556,1631600299.713,0.2881607
384.936655044556,1631600299.963,0.2984064
385.186655044556,1631600300.213,0.3086521
385.436655044556,1631600300.463,0.3214593
385.686655044556,1631600300.713,0.3278628
385.936655044556,1631600300.963,0.3368278
386.186655044556,1631600301.213,0.2177214
386.436655044556,1631600301.463,0.1472821
386.686655044556,1631600301.713,0.2715114
386.936655044556,1631600301.963,0.2727921
387.186655044556,1631600302.213,0.2702307
387.436655044556,1631600302.463,0.2881607
387.686655044556,1631600302.713,0.3163364
387.936655044556,1631600302.963,0.3278628
388.186655044556,1631600303.213,0.3201785
388.436655044556,1631600303.463,0.3253014
388.686655044556,1631600303.713,0.3342664
388.936655044556,1631600303.963,0.3637228
389.186655044556,1631600304.213,0.3752493
389.436655044556,1631600304.463,0.385495
389.686655044556,1631600304.713,0.3650036
391.186655044556,1631600306.213,0.3803721
391.436655044556,1631600306.463,0.3995828
391.686655044556,1631600306.713,0.3918985
391.936655044556,1631600306.963,0.3867757
392.186655044556,1631600307.213,0.3867757
392.436655044556,1631600307.463,0.3893371
392.686655044556,1631600307.713,0.3867757
392.936655044556,1631600307.963,0.3816528
393.186655044556,1631600308.213,0.3829335
393.436655044556,1631600308.463,0.3842143
393.686655044556,1631600308.713,0.3803721
393.936655044556,1631600308.963,0.3893371
394.186655044556,1631600309.213,0.39446
394.436655044556,1631600309.463,0.4085478
394.686655044556,1631600309.713,0.349635
394.936655044556,1631600309.963,0.3624421
395.186655044556,1631600310.213,0.4162321
395.436655044556,1631600310.463,0.4546535
395.686655044556,1631600310.713,0.46618
395.936655044556,1631600310.963,0.4700221
396.186655044556,1631600311.213,0.4713028
396.436655044556,1631600311.463,0.4597764
396.686655044556,1631600311.713,0.46618
396.936655044556,1631600311.963,0.475145
397.186655044556,1631600312.213,0.4546535
397.436655044556,1631600312.463,0.4584957
397.686655044556,1631600312.713,0.4648992
397.936655044556,1631600312.963,0.4687414
398.186655044556,1631600313.213,0.44825
398.436655044556,1631600313.463,0.4469692
398.686655044556,1631600313.713,0.4559343
399.936655044556,1631600314.963,0.4059864
400.186655044556,1631600315.213,0.4200743
400.436655044556,1631600315.463,0.3893371
400.686655044556,1631600315.713,0.3893371
400.936655044556,1631600315.963,0.3931793
401.186655044556,1631600316.213,0.3970214
401.436655044556,1631600316.463,0.3970214
401.686655044556,1631600316.713,0.3995828
401.936655044556,1631600316.963,0.3983021
402.186655044556,1631600317.213,0.3662843
402.436655044556,1631600317.463,0.37653
402.686655044556,1631600317.713,0.4264778
402.936655044556,1631600317.963,0.4187935
403.186655044556,1631600318.213,0.4111092
403.436655044556,1631600318.463,0.4136707
403.686655044556,1631600318.713,0.4047057
403.936655044556,1631600318.963,0.4047057
404.186655044556,1631600319.213,0.4162321
404.436655044556,1631600319.463,0.4149514
404.686655044556,1631600319.713,0.4175128
404.936655044556,1631600319.963,0.403425
405.186655044556,1631600320.213,0.3188978
405.436655044556,1631600320.463,0.3278628
405.686655044556,1631600320.713,0.3381085
405.936655044556,1631600320.963,0.3611614
406.186655044556,1631600321.213,0.3457928
407.686655044556,1631600322.713,0.3931793
407.936655044556,1631600322.963,0.3957407
408.186655044556,1631600323.213,0.3931793
408.436655044556,1631600323.463,0.3918985
408.686655044556,1631600323.713,0.3957407
408.936655044556,1631600323.963,0.39446
409.186655044556,1631600324.213,0.4021443
410.686655044556,1631600325.713,0.4648992
410.936655044556,1631600325.963,0.4853907
411.186655044556,1631600326.213,0.4956364
411.436655044556,1631600326.463,0.4943557
411.686655044556,1631600326.713,0.5122856
411.936655044556,1631600326.963,0.5174085
412.186655044556,1631600327.213,0.5161278
412.436655044556,1631600327.463,0.5186892
412.686655044556,1631600327.713,0.475145
412.936655044556,1631600327.963,0.4354428
413.186655044556,1631600328.213,0.439285
413.436655044556,1631600328.463,0.4354428
413.686655044556,1631600328.713,0.4380043
