Time,UnixTime,Tmp
-1.8235821723938,1631513804.77862,29.19
-1.57357215881348,1631513805.02863,29.19
-1.32355213165283,1631513805.27865,29.19
-1.07354211807251,1631513805.52866,29.19
-0.823532104492188,1631513805.77867,29.23
-0.573522090911865,1631513806.02868,29.23
-0.323512077331543,1631513806.27869,29.23
-0.0735020637512207,1631513806.5287,29.23
0.926547765731812,1631513807.52875,29.25
1.17655777931213,1631513807.77876,29.29
1.42656779289246,1631513808.02877,29.29
1.6765878200531,1631513808.27879,29.29
1.92659783363342,1631513808.5288,29.29
3.17664790153503,1631513809.77885,29.33
3.42666792869568,1631513810.02887,29.33
3.67667770385742,1631513810.27888,29.33
3.92668771743774,1631513810.52889,29.33
5.17674779891968,1631513811.77895,29.41
5.4267578125,1631513812.02896,29.41
5.67676782608032,1631513812.27897,29.41
5.92677783966064,1631513812.52898,29.41
7.17683792114258,1631513813.77904,29.47
7.4268479347229,1631513814.02905,29.47
7.67685770988464,1631513814.27906,29.47
7.92686772346497,1631513814.52907,29.47
9.1769278049469,1631513815.77913,29.53
9.42693781852722,1631513816.02914,29.53
9.67695784568787,1631513816.27916,29.53
9.92696785926819,1631513816.52917,29.53
11.1770179271698,1631513817.77922,29.55
11.4270377159119,1631513818.02924,29.55
11.6770477294922,1631513818.27925,29.55
11.9270577430725,1631513818.52926,29.55
13.1771178245544,1631513819.77932,29.59
13.4271278381348,1631513820.02933,29.59
13.6771378517151,1631513820.27934,29.59
13.9271478652954,1631513820.52935,29.59
15.1772077083588,1631513821.77941,29.65
15.4272177219391,1631513822.02942,29.65
15.6772277355194,1631513822.27943,29.65
15.9272377490997,1631513822.52944,29.65
17.1772978305817,1631513823.7795,29.71
17.427307844162,1631513824.02951,29.71
17.6773278713226,1631513824.27953,29.71
17.927337884903,1631513824.52954,29.71
19.1773977279663,1631513825.7796,29.73
19.4274077415466,1631513826.02961,29.73
19.677417755127,1631513826.27962,29.73
19.9274277687073,1631513826.52963,29.73
21.1774878501892,1631513827.77969,29.79
21.4274978637695,1631513828.0297,29.79
21.6775078773499,1631513828.27971,29.79
21.9275178909302,1631513828.52972,29.79
23.1775777339935,1631513829.77978,29.81
23.4275877475739,1631513830.02979,29.81
23.6775977611542,1631513830.2798,29.81
23.9276177883148,1631513830.52982,29.81
25.1776678562164,1631513831.77987,29.83
25.4276778697968,1631513832.02988,29.83
25.6776978969574,1631513832.2799,29.83
25.9277079105377,1631513832.52991,29.83
27.1777677536011,1631513833.77997,29.89
27.4277777671814,1631513834.02998,29.89
27.6777877807617,1631513834.27999,29.89
27.927797794342,1631513834.53,29.89
28.9278478622437,1631513835.53005,29.91
29.177857875824,1631513835.78006,29.91
29.4278678894043,1631513836.03007,29.91
29.6778779029846,1631513836.28008,29.91
29.9278879165649,1631513836.53009,29.91
31.4279577732086,1631513838.03016,29.95
31.6779677867889,1631513838.28017,29.95
31.9279878139496,1631513838.53019,29.95
33.1780378818512,1631513839.78024,29.99
33.4280579090118,1631513840.03026,29.99
33.6780679225922,1631513840.28027,29.99
33.9280779361725,1631513840.53028,29.99
35.1781377792358,1631513841.78034,30.01
35.4281477928162,1631513842.03035,30.01
35.6781578063965,1631513842.28036,30.01
35.9281678199768,1631513842.53037,30.01
37.1782279014587,1631513843.78043,30.07
37.4282379150391,1631513844.03044,30.07
37.6782479286194,1631513844.28045,30.07
37.9282577037811,1631513844.53046,30.07
39.1783177852631,1631513845.78052,30.09
39.4283277988434,1631513846.03053,30.09
39.6783378124237,1631513846.28054,30.09
39.9283578395844,1631513846.53056,30.09
41.178407907486,1631513847.78061,30.13
41.4284279346466,1631513848.03063,30.13
41.6784377098084,1631513848.28064,30.13
41.9284477233887,1631513848.53065,30.13
43.1785078048706,1631513849.78071,30.17
43.4285178184509,1631513850.03072,30.17
43.6785278320313,1631513850.28073,30.17
43.9285378456116,1631513850.53074,30.17
45.1785979270935,1631513851.7808,30.19
45.4286079406738,1631513852.03081,30.19
45.6786177158356,1631513852.28082,30.19
45.9286277294159,1631513852.53083,30.19
47.1786878108978,1631513853.78089,30.25
47.4286978244781,1631513854.0309,30.25
47.6787078380585,1631513854.28091,30.25
47.9287278652191,1631513854.53093,30.25
48.9287679195404,1631513855.53097,30.25
49.1787779331207,1631513855.78098,30.23
49.4287977218628,1631513856.031,30.23
49.6788077354431,1631513856.28101,30.23
49.9288177490234,1631513856.53102,30.23
51.1788778305054,1631513857.78108,30.29
51.4288878440857,1631513858.03109,30.29
51.678897857666,1631513858.2811,30.29
51.9289078712463,1631513858.53111,30.29
53.1789677143097,1631513859.78117,30.33
53.42897772789,1631513860.03118,30.33
53.6789877414703,1631513860.28119,30.33
53.9289977550507,1631513860.5312,30.33
55.1790578365326,1631513861.78126,30.33
55.4290678501129,1631513862.03127,30.33
55.6790878772736,1631513862.28129,30.33
55.9290978908539,1631513862.5313,30.33
57.1791477203369,1631513863.78135,30.39
57.4291677474976,1631513864.03137,30.39
57.6791777610779,1631513864.28138,30.39
57.9291877746582,1631513864.53139,30.39
58.9292378425598,1631513865.53144,30.39
59.1792478561401,1631513865.78145,30.39
59.4292578697205,1631513866.03146,30.39
59.6792678833008,1631513866.28147,30.39
59.9292778968811,1631513866.53148,30.39
61.1793377399445,1631513867.78154,30.45
61.4293477535248,1631513868.03155,30.45
61.6793577671051,1631513868.28156,30.45
61.9293677806854,1631513868.53157,30.45
63.1794278621674,1631513869.78163,30.45
63.4294378757477,1631513870.03164,30.45
63.6794579029083,1631513870.28166,30.45
63.9294679164886,1631513870.53167,30.45
65.6795477867126,1631513872.28175,30.49
65.929557800293,1631513872.53176,30.49
67.1796178817749,1631513873.78182,30.53
67.4296278953552,1631513874.03183,30.53
67.6796379089355,1631513874.28184,30.53
67.9296479225159,1631513874.53185,30.53
69.1797077655792,1631513875.78191,30.55
69.4297177791595,1631513876.03192,30.55
69.6797277927399,1631513876.28193,30.55
69.9297378063202,1631513876.53194,30.55
70.9297878742218,1631513877.53199,30.55
71.1797978878021,1631513877.782,30.55
71.4298079013824,1631513878.03201,30.55
71.6798279285431,1631513878.28203,30.55
71.9298379421234,1631513878.53204,30.55
73.1798977851868,1631513879.7821,30.61
73.4299077987671,1631513880.03211,30.61
73.6799178123474,1631513880.28212,30.61
73.9299278259277,1631513880.53213,30.61
75.1799879074097,1631513881.78219,30.65
75.42999792099,1631513882.0322,30.65
75.6800079345703,1631513882.28221,30.65
75.9300177097321,1631513882.53222,30.65
77.180077791214,1631513883.78228,30.65
77.4300878047943,1631513884.03229,30.65
77.6800978183746,1631513884.2823,30.65
77.9301178455353,1631513884.53232,30.65
79.1801679134369,1631513885.78237,30.69
79.4301779270172,1631513886.03238,30.69
79.6801977157593,1631513886.2824,30.69
79.9302077293396,1631513886.53241,30.69
81.1802678108215,1631513887.78247,30.73
81.4302778244019,1631513888.03248,30.73
81.6802878379822,1631513888.28249,30.73
81.9302978515625,1631513888.5325,30.73
83.1803579330444,1631513889.78256,30.75
83.4303677082062,1631513890.03257,30.75
83.6803777217865,1631513890.28258,30.75
83.9303877353668,1631513890.53259,30.75
84.9304378032684,1631513891.53264,30.75
85.1804478168488,1631513891.78265,30.73
85.4304578304291,1631513892.03266,30.73
85.6804678440094,1631513892.28267,30.73
85.93048787117,1631513892.53269,30.73
86.9305279254913,1631513893.53273,30.73
87.1805379390717,1631513893.78274,30.77
87.4305577278137,1631513894.03276,30.77
87.680567741394,1631513894.28277,30.77
87.9305777549744,1631513894.53278,30.77
89.1806378364563,1631513895.78284,30.77
89.4306478500366,1631513896.03285,30.77
89.6806578636169,1631513896.28286,30.77
89.9306678771973,1631513896.53287,30.77
91.1807277202606,1631513897.78293,30.79
91.4307377338409,1631513898.03294,30.79
91.6807477474213,1631513898.28295,30.79
91.9307577610016,1631513898.53296,30.79
93.1808178424835,1631513899.78302,30.83
93.4308278560638,1631513900.03303,30.83
93.6808378696442,1631513900.28304,30.83
93.9308578968048,1631513900.53306,30.83
94.9308977127075,1631513901.5331,30.83
95.1809077262878,1631513901.78311,30.83
95.4309277534485,1631513902.03313,30.83
95.6809377670288,1631513902.28314,30.83
95.9309477806091,1631513902.53315,30.83
97.1810078620911,1631513903.78321,30.87
97.4310178756714,1631513904.03322,30.87
97.6810278892517,1631513904.28323,30.87
97.931037902832,1631513904.53324,30.87
98.9310877323151,1631513905.53329,30.89
99.1810977458954,1631513905.7833,30.89
99.4311077594757,1631513906.03331,30.89
99.681117773056,1631513906.28332,30.89
99.9311277866364,1631513906.53333,30.89
101.181187868118,1631513907.78339,30.93
101.431197881699,1631513908.0334,30.93
101.681217908859,1631513908.28342,30.93
101.93122792244,1631513908.53343,30.93
103.181277751923,1631513909.78348,30.93
103.431297779083,1631513910.0335,30.93
103.681307792664,1631513910.28351,30.93
103.931317806244,1631513910.53352,30.93
105.431387901306,1631513912.03359,30.97
105.681397914886,1631513912.2836,30.97
105.931407928467,1631513912.53361,30.97
107.18146777153,1631513913.78367,30.97
107.43147778511,1631513914.03368,30.97
107.681487798691,1631513914.28369,30.97
107.931497812271,1631513914.5337,30.97
109.431567907333,1631513916.03377,31.01
109.681587934494,1631513916.28379,31.01
109.931597709656,1631513916.5338,31.01
111.181647777557,1631513917.78385,31.01
111.431667804718,1631513918.03387,31.01
111.681677818298,1631513918.28388,31.01
111.931687831879,1631513918.53389,31.01
112.181697845459,1631513918.7839,31.03
112.431707859039,1631513919.03391,31.03
112.68171787262,1631513919.28392,31.03
112.93173789978,1631513919.53394,31.03
113.181747913361,1631513919.78395,31.03
113.431757926941,1631513920.03396,31.03
113.681767940521,1631513920.28397,31.03
113.931777715683,1631513920.53398,31.03
115.181837797165,1631513921.78404,31.05
115.431847810745,1631513922.03405,31.05
115.681857824326,1631513922.28406,31.05
115.931867837906,1631513922.53407,31.05
117.181927919388,1631513923.78413,31.09
117.431937932968,1631513924.03414,31.09
117.68195772171,1631513924.28416,31.09
117.931967735291,1631513924.53417,31.09
119.182027816772,1631513925.78423,31.09
119.432037830353,1631513926.03424,31.09
119.682047843933,1631513926.28425,31.09
119.932057857513,1631513926.53426,31.09
121.182117938995,1631513927.78432,31.15
121.432127714157,1631513928.03433,31.15
121.682137727737,1631513928.28434,31.15
121.932147741318,1631513928.53435,31.15
123.932247877121,1631513930.53445,31.13
124.932287931442,1631513931.53449,31.13
125.182297706604,1631513931.7845,31.15
125.432307720184,1631513932.03451,31.15
125.682327747345,1631513932.28453,31.15
125.932337760925,1631513932.53454,31.15
126.932377815247,1631513933.53458,31.17
127.182397842407,1631513933.7846,31.19
127.432407855988,1631513934.03461,31.19
127.682417869568,1631513934.28462,31.19
127.932427883148,1631513934.53463,31.19
128.932477712631,1631513935.53468,31.17
129.182487726212,1631513935.78469,31.17
129.432497739792,1631513936.0347,31.17
129.682507753372,1631513936.28471,31.17
129.932517766953,1631513936.53472,31.17
130.932567834854,1631513937.53477,31.19
131.182577848434,1631513937.78478,31.19
131.432587862015,1631513938.03479,31.19
131.682597875595,1631513938.2848,31.19
131.932617902756,1631513938.53482,31.19
133.182667732239,1631513939.78487,31.21
133.432677745819,1631513940.03488,31.21
133.68269777298,1631513940.2849,31.21
133.93270778656,1631513940.53491,31.21
134.932747840881,1631513941.53495,31.25
135.182767868042,1631513941.78497,31.25
135.432777881622,1631513942.03498,31.25
135.682787895203,1631513942.28499,31.25
135.932797908783,1631513942.535,31.25
137.182857751846,1631513943.78506,31.25
137.432867765427,1631513944.03507,31.25
137.682877779007,1631513944.28508,31.25
137.932887792587,1631513944.53509,31.25
139.182947874069,1631513945.78515,31.25
139.43295788765,1631513946.03516,31.25
139.68296790123,1631513946.28517,31.25
139.932987928391,1631513946.53519,31.25
141.933077812195,1631513948.53528,31.27
143.183137893677,1631513949.78534,31.29
143.433147907257,1631513950.03535,31.29
143.683157920837,1631513950.28536,31.29
143.933167934418,1631513950.53537,31.29
144.183177709579,1631513950.78538,31.29
144.43318772316,1631513951.03539,31.29
144.68320775032,1631513951.28541,31.29
144.933217763901,1631513951.53542,31.29
145.183227777481,1631513951.78543,31.31
145.433237791061,1631513952.03544,31.31
145.683247804642,1631513952.28545,31.31
145.933257818222,1631513952.53546,31.31
146.183277845383,1631513952.78548,31.31
146.433287858963,1631513953.03549,31.31
146.683297872543,1631513953.2855,31.31
146.933307886124,1631513953.53551,31.31
147.183317899704,1631513953.78552,31.31
147.433327913284,1631513954.03553,31.31
147.683337926865,1631513954.28554,31.31
147.933357715607,1631513954.53556,31.31
148.933397769928,1631513955.5356,31.33
149.183407783508,1631513955.78561,31.31
149.433427810669,1631513956.03563,31.31
149.683437824249,1631513956.28564,31.31
149.93344783783,1631513956.53565,31.31
150.933497905731,1631513957.5357,31.33
151.183507919312,1631513957.78571,31.33
151.433517932892,1631513958.03572,31.33
151.683527708054,1631513958.28573,31.33
151.933537721634,1631513958.53574,31.33
152.933587789536,1631513959.53579,31.33
153.183597803116,1631513959.7858,31.35
153.433607816696,1631513960.03581,31.35
153.683617830276,1631513960.28582,31.35
153.933627843857,1631513960.53583,31.35
154.183647871017,1631513960.78585,31.37
154.433657884598,1631513961.03586,31.37
154.683667898178,1631513961.28587,31.37
154.933677911758,1631513961.53588,31.37
155.183687925339,1631513961.78589,31.39
155.433697938919,1631513962.0359,31.39
155.683717727661,1631513962.28592,31.39
155.933727741241,1631513962.53593,31.39
157.183777809143,1631513963.78598,31.39
157.433797836304,1631513964.036,31.39
157.683807849884,1631513964.28601,31.39
157.933817863464,1631513964.53602,31.39
159.183877706528,1631513965.78608,31.41
159.433887720108,1631513966.03609,31.41
159.683897733688,1631513966.2861,31.41
159.933907747269,1631513966.53611,31.41
160.93395781517,1631513967.53616,31.41
161.183967828751,1631513967.78617,31.41
161.433977842331,1631513968.03618,31.41
161.683987855911,1631513968.28619,31.41
161.933997869492,1631513968.5362,31.41
163.184057712555,1631513969.78626,31.43
163.434067726135,1631513970.03627,31.43
163.684087753296,1631513970.28629,31.43
163.934097766876,1631513970.5363,31.43
165.184157848358,1631513971.78636,31.45
165.434167861938,1631513972.03637,31.45
165.684177875519,1631513972.28638,31.45
165.934187889099,1631513972.53639,31.45
166.934237718582,1631513973.53644,31.47
167.184247732162,1631513973.78645,31.45
167.434257745743,1631513974.03646,31.45
167.684267759323,1631513974.28647,31.45
167.934277772903,1631513974.53648,31.45
169.184337854385,1631513975.78654,31.47
169.434347867966,1631513976.03655,31.47
169.684357881546,1631513976.28656,31.47
169.934367895126,1631513976.53657,31.47
170.184387922287,1631513976.78659,31.47
170.434397935867,1631513977.0366,31.47
170.684407711029,1631513977.28661,31.47
170.934417724609,1631513977.53662,31.47
171.18442773819,1631513977.78663,31.49
171.43443775177,1631513978.03664,31.49
171.684457778931,1631513978.28666,31.49
171.934467792511,1631513978.53667,31.49
172.934507846832,1631513979.53671,31.47
173.184527873993,1631513979.78673,31.49
173.434537887573,1631513980.03674,31.49
173.684547901154,1631513980.28675,31.49
173.934557914734,1631513980.53676,31.49
174.934607744217,1631513981.53681,31.49
175.184617757797,1631513981.78682,31.51
175.434627771378,1631513982.03683,31.51
175.684637784958,1631513982.28684,31.51
175.934647798538,1631513982.53685,31.51
176.93469786644,1631513983.5369,31.51
177.18470788002,1631513983.78691,31.49
177.4347178936,1631513984.03692,31.49
177.684727907181,1631513984.28693,31.49
177.934747934341,1631513984.53695,31.49
178.934787750244,1631513985.53699,31.51
179.184797763824,1631513985.787,31.53
179.434807777405,1631513986.03701,31.53
179.684827804565,1631513986.28703,31.53
179.934837818146,1631513986.53704,31.53
180.934877872467,1631513987.53708,31.53
181.184897899628,1631513987.7871,31.53
181.434907913208,1631513988.03711,31.53
181.684917926788,1631513988.28712,31.53
181.934927940369,1631513988.53713,31.53
182.934977769852,1631513989.53718,31.51
183.184987783432,1631513989.78719,31.53
183.434997797012,1631513990.0372,31.53
183.685007810593,1631513990.28721,31.53
183.935017824173,1631513990.53722,31.53
185.185077905655,1631513991.78728,31.57
185.435087919235,1631513992.03729,31.57
185.685097932816,1631513992.2873,31.57
185.935117721558,1631513992.53732,31.57
187.185167789459,1631513993.78737,31.55
187.43518781662,1631513994.03739,31.55
187.6851978302,1631513994.2874,31.55
187.935207843781,1631513994.53741,31.55
188.935247898102,1631513995.53745,31.57
189.185267925262,1631513995.78747,31.57
189.435277938843,1631513996.03748,31.57
189.685287714005,1631513996.28749,31.57
189.935297727585,1631513996.5375,31.57
191.185357809067,1631513997.78756,31.59
191.435367822647,1631513998.03757,31.59
191.685377836227,1631513998.28758,31.59
191.935387849808,1631513998.53759,31.59
193.18544793129,1631513999.78765,31.57
193.435457706451,1631514000.03766,31.57
193.685467720032,1631514000.28767,31.57
193.935487747192,1631514000.53769,31.57
195.185537815094,1631514001.78774,31.61
195.435557842255,1631514002.03776,31.61
195.685567855835,1631514002.28777,31.61
195.935577869415,1631514002.53778,31.61
197.185637712479,1631514003.78784,31.61
197.435647726059,1631514004.03785,31.61
197.685657739639,1631514004.28786,31.61
197.93566775322,1631514004.53787,31.61
198.1856777668,1631514004.78788,31.61
198.43568778038,1631514005.03789,31.61
198.685707807541,1631514005.28791,31.61
198.935717821121,1631514005.53792,31.61
199.185727834702,1631514005.78793,31.61
199.435737848282,1631514006.03794,31.61
199.685747861862,1631514006.28795,31.61
199.935757875443,1631514006.53796,31.61
201.185817718506,1631514007.78802,31.63
201.435827732086,1631514008.03803,31.63
201.685837745667,1631514008.28804,31.63
201.935857772827,1631514008.53806,31.63
202.935897827148,1631514009.5381,31.63
203.185907840729,1631514009.78811,31.65
203.435927867889,1631514010.03813,31.65
203.68593788147,1631514010.28814,31.65
203.93594789505,1631514010.53815,31.65
204.935997724533,1631514011.5382,31.63
205.186007738113,1631514011.78821,31.63
205.436017751694,1631514012.03822,31.63
205.686027765274,1631514012.28823,31.63
205.936037778854,1631514012.53824,31.63
207.186097860336,1631514013.7883,31.65
207.436107873917,1631514014.03831,31.65
207.686117887497,1631514014.28832,31.65
207.936127901077,1631514014.53833,31.65
209.186187744141,1631514015.78839,31.65
209.436197757721,1631514016.0384,31.65
209.686217784882,1631514016.28842,31.65
209.936227798462,1631514016.53843,31.65
211.186277866364,1631514017.78848,31.65
211.436297893524,1631514018.0385,31.65
211.686307907104,1631514018.28851,31.65
211.936317920685,1631514018.53852,31.65
213.186377763748,1631514019.78858,31.67
213.436387777328,1631514020.03859,31.67
213.686397790909,1631514020.2886,31.67
213.936407804489,1631514020.53861,31.67
215.936497926712,1631514022.5387,31.69
217.186557769775,1631514023.78876,31.67
217.436567783356,1631514024.03877,31.67
217.686587810516,1631514024.28879,31.67
217.936597824097,1631514024.5388,31.67
219.186657905579,1631514025.78886,31.71
219.436667919159,1631514026.03887,31.71
219.686677932739,1631514026.28888,31.71
219.936687707901,1631514026.53889,31.71
220.936737775803,1631514027.53894,31.69
221.186747789383,1631514027.78895,31.71
221.436757802963,1631514028.03896,31.71
221.686767816544,1631514028.28897,31.71
221.936777830124,1631514028.53898,31.71
223.186837911606,1631514029.78904,31.71
223.436847925186,1631514030.03905,31.71
223.686857938766,1631514030.28906,31.71
223.936877727509,1631514030.53908,31.71
225.936967849731,1631514032.53917,31.69
227.187027931213,1631514033.78923,31.71
227.437037706375,1631514034.03924,31.71
227.687047719955,1631514034.28925,31.71
227.937057733536,1631514034.53926,31.71
229.187117815018,1631514035.78932,31.73
229.437127828598,1631514036.03933,31.73
229.687137842178,1631514036.28934,31.73
229.937147855759,1631514036.53935,31.73
230.93719792366,1631514037.5394,31.73
231.187207937241,1631514037.78941,31.71
231.437217712402,1631514038.03942,31.71
231.687227725983,1631514038.28943,31.71
231.937247753143,1631514038.53945,31.71
233.187297821045,1631514039.7895,31.73
233.437317848206,1631514040.03952,31.73
233.687327861786,1631514040.28953,31.73
233.937337875366,1631514040.53954,31.73
234.187347888947,1631514040.78955,31.71
234.437357902527,1631514041.03956,31.71
234.687367916107,1631514041.28957,31.71
234.937377929688,1631514041.53958,31.71
235.18739771843,1631514041.7896,31.73
235.43740773201,1631514042.03961,31.73
235.68741774559,1631514042.28962,31.73
235.937427759171,1631514042.53963,31.73
237.187487840652,1631514043.78969,31.73
237.437497854233,1631514044.0397,31.73
237.687507867813,1631514044.28971,31.73
237.937517881393,1631514044.53972,31.73
238.187527894974,1631514044.78973,31.73
238.437547922134,1631514045.03975,31.73
238.687557935715,1631514045.28976,31.73
238.937567710876,1631514045.53977,31.73
239.187577724457,1631514045.78978,31.75
239.437587738037,1631514046.03979,31.75
239.687597751617,1631514046.2898,31.75
239.937617778778,1631514046.53982,31.75
240.187627792358,1631514046.78983,31.75
240.437637805939,1631514047.03984,31.75
240.687647819519,1631514047.28985,31.75
240.937657833099,1631514047.53986,31.75
241.18766784668,1631514047.78987,31.75
241.43768787384,1631514048.03989,31.75
241.687697887421,1631514048.2899,31.75
241.937707901001,1631514048.53991,31.75
242.187717914581,1631514048.78992,31.75
242.437727928162,1631514049.03993,31.75
242.687737941742,1631514049.28994,31.75
242.937747716904,1631514049.53995,31.75
243.187767744064,1631514049.78997,31.75
243.437777757645,1631514050.03998,31.75
243.687787771225,1631514050.28999,31.75
243.937797784805,1631514050.54,31.75
244.937847852707,1631514051.54005,31.75
245.187857866287,1631514051.79006,31.73
245.437867879868,1631514052.04007,31.73
245.687877893448,1631514052.29008,31.73
245.937887907028,1631514052.54009,31.73
246.937937736511,1631514053.54014,31.77
247.187947750092,1631514053.79015,31.73
247.437957763672,1631514054.04016,31.73
247.687967777252,1631514054.29017,31.73
247.937987804413,1631514054.54019,31.73
248.187997817993,1631514054.7902,31.75
248.438007831573,1631514055.04021,31.75
248.688017845154,1631514055.29022,31.75
248.938027858734,1631514055.54023,31.75
249.188037872314,1631514055.79024,31.77
249.438057899475,1631514056.04026,31.77
249.688067913055,1631514056.29027,31.77
249.938077926636,1631514056.54028,31.77
251.188137769699,1631514057.79034,31.75
251.438147783279,1631514058.04035,31.75
251.68815779686,1631514058.29036,31.75
251.93816781044,1631514058.54037,31.75
253.688247919083,1631514060.29045,31.77
253.938257932663,1631514060.54046,31.77
255.188317775726,1631514061.79052,31.77
255.438327789307,1631514062.04053,31.77
255.688337802887,1631514062.29054,31.77
255.938357830048,1631514062.54056,31.77
257.938447713852,1631514064.54065,31.77
259.188507795334,1631514065.79071,31.77
259.438517808914,1631514066.04072,31.77
259.688527822495,1631514066.29073,31.77
259.938537836075,1631514066.54074,31.77
261.438607931137,1631514068.04081,31.77
261.688617706299,1631514068.29082,31.77
261.938627719879,1631514068.54083,31.77
263.938727855682,1631514070.54093,31.77
264.188737869263,1631514070.79094,31.77
264.438747882843,1631514071.04095,31.77
264.688757896423,1631514071.29096,31.77
264.938767910004,1631514071.54097,31.77
265.188777923584,1631514071.79098,31.79
265.438797712326,1631514072.041,31.79
265.688807725906,1631514072.29101,31.79
265.938817739487,1631514072.54102,31.79
267.188877820969,1631514073.79108,31.77
267.438887834549,1631514074.04109,31.77
267.688897848129,1631514074.2911,31.77
267.93890786171,1631514074.54111,31.77
269.188967704773,1631514075.79117,31.77
269.438977718353,1631514076.04118,31.77
269.688987731934,1631514076.29119,31.77
269.938997745514,1631514076.5412,31.77
270.189017772675,1631514076.79122,31.79
270.439027786255,1631514077.04123,31.79
270.689037799835,1631514077.29124,31.79
270.939047813416,1631514077.54125,31.79
271.189057826996,1631514077.79126,31.79
271.439067840576,1631514078.04127,31.79
271.689087867737,1631514078.29129,31.79
271.939097881317,1631514078.5413,31.79
272.189107894897,1631514078.79131,31.77
272.439117908478,1631514079.04132,31.77
272.689127922058,1631514079.29133,31.77
272.939137935638,1631514079.54134,31.77
273.18915772438,1631514079.79136,31.79
273.439167737961,1631514080.04137,31.79
273.689177751541,1631514080.29138,31.79
273.939187765121,1631514080.54139,31.79
275.939277887344,1631514082.54148,31.79
277.189337730408,1631514083.79154,31.79
277.439347743988,1631514084.04155,31.79
277.689357757568,1631514084.29156,31.79
277.939377784729,1631514084.54158,31.79
278.189387798309,1631514084.79159,31.79
278.43939781189,1631514085.0416,31.79
278.68940782547,1631514085.29161,31.79
278.93941783905,1631514085.54162,31.79
279.189427852631,1631514085.79163,31.81
279.439437866211,1631514086.04164,31.81
279.689457893372,1631514086.29166,31.81
279.939467906952,1631514086.54167,31.81
281.189527750015,1631514087.79173,31.79
281.439537763596,1631514088.04174,31.79
281.689547777176,1631514088.29175,31.79
281.939557790756,1631514088.54176,31.79
283.189617872238,1631514089.79182,31.79
283.439627885818,1631514090.04183,31.79
283.689637899399,1631514090.29184,31.79
283.939647912979,1631514090.54185,31.79
284.939697742462,1631514091.5419,31.77
285.189707756042,1631514091.79191,31.79
285.439717769623,1631514092.04192,31.79
285.689727783203,1631514092.29193,31.79
285.939747810364,1631514092.54195,31.79
286.189757823944,1631514092.79196,31.79
286.439767837524,1631514093.04197,31.79
286.689777851105,1631514093.29198,31.79
286.939787864685,1631514093.54199,31.79
287.189797878265,1631514093.792,31.79
287.439817905426,1631514094.04202,31.79
287.689827919006,1631514094.29203,31.79
287.939837932587,1631514094.54204,31.79
288.189847707748,1631514094.79205,31.79
288.439857721329,1631514095.04206,31.79
288.689867734909,1631514095.29207,31.79
288.939877748489,1631514095.54208,31.79
289.18989777565,1631514095.7921,31.77
289.43990778923,1631514096.04211,31.77
289.689917802811,1631514096.29212,31.77
289.939927816391,1631514096.54213,31.77
290.189937829971,1631514096.79214,31.79
290.439947843552,1631514097.04215,31.79
290.689967870712,1631514097.29217,31.79
290.939977884293,1631514097.54218,31.79
291.189987897873,1631514097.79219,31.79
291.439997911453,1631514098.0422,31.79
291.690007925034,1631514098.29221,31.79
291.940017938614,1631514098.54222,31.79
293.190077781677,1631514099.79228,31.77
293.440087795258,1631514100.04229,31.77
293.690097808838,1631514100.2923,31.77
293.940117835999,1631514100.54232,31.77
294.190127849579,1631514100.79233,31.79
294.440137863159,1631514101.04234,31.79
294.69014787674,1631514101.29235,31.79
294.94015789032,1631514101.54236,31.79
295.1901679039,1631514101.79237,31.81
295.440187931061,1631514102.04239,31.81
295.690197706223,1631514102.2924,31.81
295.940207719803,1631514102.54241,31.81
297.190267801285,1631514103.79247,31.77
297.440277814865,1631514104.04248,31.77
297.690287828445,1631514104.29249,31.77
297.940297842026,1631514104.5425,31.77
299.190357923508,1631514105.79256,31.79
299.440367937088,1631514106.04257,31.79
299.69037771225,1631514106.29258,31.79
299.94038772583,1631514106.54259,31.79
300.190407752991,1631514106.79261,31.79
300.440417766571,1631514107.04262,31.79
300.690427780151,1631514107.29263,31.79
300.940437793732,1631514107.54264,31.79
301.190447807312,1631514107.79265,31.79
301.440457820892,1631514108.04266,31.79
301.690467834473,1631514108.29267,31.79
301.940487861633,1631514108.54269,31.79
303.190537929535,1631514109.79274,31.81
303.440557718277,1631514110.04276,31.81
303.690567731857,1631514110.29277,31.81
303.940577745438,1631514110.54278,31.81
304.940627813339,1631514111.54283,31.81
305.19063782692,1631514111.79284,31.81
305.4406478405,1631514112.04285,31.81
305.69065785408,1631514112.29286,31.81
305.940667867661,1631514112.54287,31.81
307.690747737885,1631514114.29295,31.79
307.940757751465,1631514114.54296,31.79
309.190817832947,1631514115.79302,31.79
309.440827846527,1631514116.04303,31.79
309.690847873688,1631514116.29305,31.79
309.940857887268,1631514116.54306,31.79
311.190907716751,1631514117.79311,31.81
311.440927743912,1631514118.04313,31.81
311.690937757492,1631514118.29314,31.81
311.940947771072,1631514118.54315,31.81
313.191007852554,1631514119.79321,31.79
313.441017866135,1631514120.04322,31.79
313.691027879715,1631514120.29323,31.79
313.941037893295,1631514120.54324,31.79
314.191047906876,1631514120.79325,31.79
314.441067934036,1631514121.04327,31.79
314.691077709198,1631514121.29328,31.79
314.941087722778,1631514121.54329,31.79
315.191097736359,1631514121.7933,31.79
315.441107749939,1631514122.04331,31.79
315.691117763519,1631514122.29332,31.79
315.9411277771,1631514122.54333,31.79
317.441197872162,1631514124.0434,31.81
317.691217899323,1631514124.29342,31.81
317.941227912903,1631514124.54343,31.81
318.191237926483,1631514124.79344,31.81
318.441247940063,1631514125.04345,31.81
318.691257715225,1631514125.29346,31.81
318.941267728806,1631514125.54347,31.81
319.191287755966,1631514125.79349,31.81
319.441297769547,1631514126.0435,31.81
319.691307783127,1631514126.29351,31.81
319.941317796707,1631514126.54352,31.81
320.941367864609,1631514127.54357,31.81
321.191377878189,1631514127.79358,31.81
321.441387891769,1631514128.04359,31.81
321.69139790535,1631514128.2936,31.81
321.94140791893,1631514128.54361,31.81
323.191467761993,1631514129.79367,31.79
323.441477775574,1631514130.04368,31.79
323.691487789154,1631514130.29369,31.79
323.941497802734,1631514130.5437,31.79
325.191557884216,1631514131.79376,31.81
325.441567897797,1631514132.04377,31.81
325.691587924957,1631514132.29379,31.81
325.941597938538,1631514132.5438,31.81
327.191657781601,1631514133.79386,31.81
327.441667795181,1631514134.04387,31.81
327.691677808762,1631514134.29388,31.81
327.941687822342,1631514134.54389,31.81
328.941737890244,1631514135.54394,31.81
329.191747903824,1631514135.79395,31.79
329.441757917404,1631514136.04396,31.79
329.691767930985,1631514136.29397,31.79
329.941777706146,1631514136.54398,31.79
330.191787719727,1631514136.79399,31.79
330.441807746887,1631514137.04401,31.79
330.691817760468,1631514137.29402,31.79
330.941827774048,1631514137.54403,31.79
331.191837787628,1631514137.79404,31.81
331.441847801209,1631514138.04405,31.81
331.691857814789,1631514138.29406,31.81
331.941877841949,1631514138.54408,31.81
333.941967725754,1631514140.54417,31.79
335.192027807236,1631514141.79423,31.81
335.442037820816,1631514142.04424,31.81
335.692047834396,1631514142.29425,31.81
335.942057847977,1631514142.54426,31.81
336.192067861557,1631514142.79427,31.81
336.442077875137,1631514143.04428,31.81
336.692097902298,1631514143.2943,31.81
336.942107915878,1631514143.54431,31.81
337.192117929459,1631514143.79432,31.83
337.44212770462,1631514144.04433,31.83
337.692137718201,1631514144.29434,31.83
337.942147731781,1631514144.54435,31.83
339.192207813263,1631514145.79441,31.79
339.442217826843,1631514146.04442,31.79
339.692227840424,1631514146.29443,31.79
339.942247867584,1631514146.54445,31.79
340.192257881165,1631514146.79446,31.83
340.442267894745,1631514147.04447,31.83
340.692277908325,1631514147.29448,31.83
340.942287921906,1631514147.54449,31.83
341.192297935486,1631514147.7945,31.79
341.442317724228,1631514148.04452,31.79
341.692327737808,1631514148.29453,31.79
341.942337751389,1631514148.54454,31.79
343.19239783287,1631514149.7946,31.79
343.442407846451,1631514150.04461,31.79
343.692417860031,1631514150.29462,31.79
343.942427873611,1631514150.54463,31.79
344.192437887192,1631514150.79464,31.81
344.442447900772,1631514151.04465,31.81
344.692467927933,1631514151.29467,31.81
344.942477941513,1631514151.54468,31.81
345.192487716675,1631514151.79469,31.79
345.442497730255,1631514152.0447,31.79
345.692507743835,1631514152.29471,31.79
345.942517757416,1631514152.54472,31.79
346.192537784576,1631514152.79474,31.79
346.442547798157,1631514153.04475,31.79
346.692557811737,1631514153.29476,31.79
346.942567825317,1631514153.54477,31.79
347.192577838898,1631514153.79478,31.77
347.442587852478,1631514154.04479,31.77
347.692597866058,1631514154.2948,31.77
347.942617893219,1631514154.54482,31.77
348.192627906799,1631514154.79483,31.79
348.44263792038,1631514155.04484,31.79
348.69264793396,1631514155.29485,31.79
348.942657709122,1631514155.54486,31.79
349.192667722702,1631514155.79487,31.79
349.442687749863,1631514156.04489,31.79
349.692697763443,1631514156.2949,31.79
349.942707777023,1631514156.54491,31.79
351.192767858505,1631514157.79497,31.79
351.442777872086,1631514158.04498,31.79
351.692787885666,1631514158.29499,31.79
351.942797899246,1631514158.545,31.79
353.44286775589,1631514160.04507,31.79
353.69287776947,1631514160.29508,31.79
353.942887783051,1631514160.54509,31.79
355.942987918854,1631514162.54519,31.79
357.943077802658,1631514164.54528,31.81
359.19313788414,1631514165.79534,31.81
359.44314789772,1631514166.04535,31.81
359.693157911301,1631514166.29536,31.81
359.943167924881,1631514166.54537,31.81
360.193177938461,1631514166.79538,31.81
360.443187713623,1631514167.04539,31.81
360.693207740784,1631514167.29541,31.81
360.943217754364,1631514167.54542,31.81
361.193227767944,1631514167.79543,31.79
361.443237781525,1631514168.04544,31.79
361.693247795105,1631514168.29545,31.79
361.943257808685,1631514168.54546,31.79
363.193317890167,1631514169.79552,31.79
363.443327903748,1631514170.04553,31.79
363.693347930908,1631514170.29555,31.79
363.94335770607,1631514170.54556,31.79
365.943447828293,1631514172.54565,31.81
367.693527936935,1631514174.29573,31.81
367.943537712097,1631514174.54574,31.81
368.193547725677,1631514174.79575,31.79
368.443567752838,1631514175.04577,31.79
368.693577766418,1631514175.29578,31.79
368.943587779999,1631514175.54579,31.79
369.193597793579,1631514175.7958,31.81
369.443607807159,1631514176.04581,31.81
369.69361782074,1631514176.29582,31.81
369.94362783432,1631514176.54583,31.81
370.193647861481,1631514176.79585,31.77
370.443657875061,1631514177.04586,31.77
370.693667888641,1631514177.29587,31.77
370.943677902222,1631514177.54588,31.77
371.193687915802,1631514177.79589,31.79
371.443697929382,1631514178.0459,31.79
371.693717718124,1631514178.29592,31.79
371.943727731705,1631514178.54593,31.79
373.193787813187,1631514179.79599,31.81
373.443797826767,1631514180.046,31.81
373.693807840347,1631514180.29601,31.81
373.943817853928,1631514180.54602,31.81
374.193827867508,1631514180.79603,31.81
374.443837881088,1631514181.04604,31.81
374.693847894669,1631514181.29605,31.81
374.943867921829,1631514181.54607,31.81
375.19387793541,1631514181.79608,31.81
375.443887710571,1631514182.04609,31.81
375.693897724152,1631514182.2961,31.81
375.943907737732,1631514182.54611,31.81
377.944007873535,1631514184.54621,31.79
378.194017887115,1631514184.79622,31.77
378.444027900696,1631514185.04623,31.77
378.694037914276,1631514185.29624,31.77
378.944047927856,1631514185.54625,31.77
379.194057941437,1631514185.79626,31.77
379.444067716599,1631514186.04627,31.77
379.694087743759,1631514186.29629,31.77
379.944097757339,1631514186.5463,31.77
380.19410777092,1631514186.79631,31.81
380.4441177845,1631514187.04632,31.81
380.69412779808,1631514187.29633,31.81
380.944137811661,1631514187.54634,31.81
381.194157838821,1631514187.79636,31.77
381.444167852402,1631514188.04637,31.77
381.694177865982,1631514188.29638,31.77
381.944187879562,1631514188.54639,31.77
382.194197893143,1631514188.7964,31.77
382.444207906723,1631514189.04641,31.77
382.694227933884,1631514189.29643,31.77
382.944237709045,1631514189.54644,31.77
383.194247722626,1631514189.79645,31.79
383.444257736206,1631514190.04646,31.79
383.694267749786,1631514190.29647,31.79
383.944277763367,1631514190.54648,31.79
385.194337844849,1631514191.79654,31.79
385.444347858429,1631514192.04655,31.79
385.694357872009,1631514192.29656,31.79
385.94437789917,1631514192.54658,31.79
387.444437742233,1631514194.04664,31.79
387.694457769394,1631514194.29666,31.79
387.944467782974,1631514194.54667,31.79
